ISO-10303-21;
HEADER;
/* Generated by software containing ST-Developer
 * from STEP Tools, Inc. (www.steptools.com) 
 */

FILE_DESCRIPTION(
/* description */ (''),
/* implementation_level */ '2;1');

FILE_NAME(
/* name */ 'base.stp',
/* time_stamp */ '2026-06-22T16:54:22-02:30',
/* author */ ('yiunf'),
/* organization */ (''),
/* preprocessor_version */ 'ST-DEVELOPER v20.1',
/* originating_system */ 'Autodesk Inventor 2026',
/* authorisation */ '');

FILE_SCHEMA (('AUTOMOTIVE_DESIGN { 1 0 10303 214 3 1 1 }'));
ENDSEC;

DATA;
#10=MECHANICAL_DESIGN_GEOMETRIC_PRESENTATION_REPRESENTATION('',(#13),#2432);
#11=SHAPE_REPRESENTATION_RELATIONSHIP('SRR','None',#2439,#12);
#12=ADVANCED_BREP_SHAPE_REPRESENTATION('',(#14),#2431);
#13=STYLED_ITEM('',(#2448),#14);
#14=MANIFOLD_SOLID_BREP('Solid3',#1411);
#15=CYLINDRICAL_SURFACE('',#1473,3.175);
#16=CYLINDRICAL_SURFACE('',#1475,3.175);
#17=CYLINDRICAL_SURFACE('',#1478,10.);
#18=CYLINDRICAL_SURFACE('',#1481,10.);
#19=CYLINDRICAL_SURFACE('',#1487,10.);
#20=CYLINDRICAL_SURFACE('',#1523,2.);
#21=CYLINDRICAL_SURFACE('',#1524,2.);
#22=CYLINDRICAL_SURFACE('',#1525,10.);
#23=CYLINDRICAL_SURFACE('',#1527,2.);
#24=CYLINDRICAL_SURFACE('',#1529,2.);
#25=CYLINDRICAL_SURFACE('',#1531,2.);
#26=CYLINDRICAL_SURFACE('',#1532,1.5);
#27=CYLINDRICAL_SURFACE('',#1533,1.5);
#28=CYLINDRICAL_SURFACE('',#1535,2.);
#29=CYLINDRICAL_SURFACE('',#1537,2.);
#30=CYLINDRICAL_SURFACE('',#1539,2.);
#31=CYLINDRICAL_SURFACE('',#1540,1.5);
#32=CYLINDRICAL_SURFACE('',#1541,1.5);
#33=CYLINDRICAL_SURFACE('',#1542,2.);
#34=CYLINDRICAL_SURFACE('',#1545,2.);
#35=CYLINDRICAL_SURFACE('',#1547,2.);
#36=CYLINDRICAL_SURFACE('',#1549,2.);
#37=CYLINDRICAL_SURFACE('',#1552,2.);
#38=CYLINDRICAL_SURFACE('',#1554,2.);
#39=CYLINDRICAL_SURFACE('',#1556,3.5);
#40=CYLINDRICAL_SURFACE('',#1557,2.);
#41=CYLINDRICAL_SURFACE('',#1559,2.);
#42=CYLINDRICAL_SURFACE('',#1560,3.5);
#43=CYLINDRICAL_SURFACE('',#1561,2.);
#44=CYLINDRICAL_SURFACE('',#1563,2.);
#45=CYLINDRICAL_SURFACE('',#1564,3.5);
#46=CYLINDRICAL_SURFACE('',#1565,2.);
#47=CYLINDRICAL_SURFACE('',#1567,2.);
#48=CYLINDRICAL_SURFACE('',#1568,3.5);
#49=CYLINDRICAL_SURFACE('',#1569,2.);
#50=CYLINDRICAL_SURFACE('',#1571,2.);
#51=CYLINDRICAL_SURFACE('',#1573,10.);
#52=CYLINDRICAL_SURFACE('',#1576,10.);
#53=CYLINDRICAL_SURFACE('',#1583,10.);
#54=CYLINDRICAL_SURFACE('',#1584,10.);
#55=CYLINDRICAL_SURFACE('',#1586,3.175);
#56=CYLINDRICAL_SURFACE('',#1587,3.175);
#57=FACE_BOUND('',#150,.T.);
#58=FACE_BOUND('',#151,.T.);
#59=FACE_BOUND('',#152,.T.);
#60=FACE_BOUND('',#153,.T.);
#61=FACE_BOUND('',#154,.T.);
#62=FACE_BOUND('',#155,.T.);
#63=FACE_BOUND('',#156,.T.);
#64=FACE_BOUND('',#157,.T.);
#65=FACE_BOUND('',#158,.T.);
#66=FACE_BOUND('',#159,.T.);
#67=FACE_BOUND('',#160,.T.);
#68=FACE_BOUND('',#169,.T.);
#69=FACE_BOUND('',#170,.T.);
#70=FACE_BOUND('',#173,.T.);
#71=FACE_BOUND('',#174,.T.);
#72=FACE_BOUND('',#175,.T.);
#73=FACE_BOUND('',#176,.T.);
#74=FACE_BOUND('',#177,.T.);
#75=FACE_BOUND('',#178,.T.);
#76=FACE_BOUND('',#179,.T.);
#77=FACE_BOUND('',#234,.T.);
#78=FACE_BOUND('',#235,.T.);
#79=FACE_OUTER_BOUND('',#149,.T.);
#80=FACE_OUTER_BOUND('',#161,.T.);
#81=FACE_OUTER_BOUND('',#162,.T.);
#82=FACE_OUTER_BOUND('',#163,.T.);
#83=FACE_OUTER_BOUND('',#164,.T.);
#84=FACE_OUTER_BOUND('',#165,.T.);
#85=FACE_OUTER_BOUND('',#166,.T.);
#86=FACE_OUTER_BOUND('',#167,.T.);
#87=FACE_OUTER_BOUND('',#168,.T.);
#88=FACE_OUTER_BOUND('',#171,.T.);
#89=FACE_OUTER_BOUND('',#172,.T.);
#90=FACE_OUTER_BOUND('',#180,.T.);
#91=FACE_OUTER_BOUND('',#181,.T.);
#92=FACE_OUTER_BOUND('',#182,.T.);
#93=FACE_OUTER_BOUND('',#183,.T.);
#94=FACE_OUTER_BOUND('',#184,.T.);
#95=FACE_OUTER_BOUND('',#185,.T.);
#96=FACE_OUTER_BOUND('',#186,.T.);
#97=FACE_OUTER_BOUND('',#187,.T.);
#98=FACE_OUTER_BOUND('',#188,.T.);
#99=FACE_OUTER_BOUND('',#189,.T.);
#100=FACE_OUTER_BOUND('',#190,.T.);
#101=FACE_OUTER_BOUND('',#191,.T.);
#102=FACE_OUTER_BOUND('',#192,.T.);
#103=FACE_OUTER_BOUND('',#193,.T.);
#104=FACE_OUTER_BOUND('',#194,.T.);
#105=FACE_OUTER_BOUND('',#195,.T.);
#106=FACE_OUTER_BOUND('',#196,.T.);
#107=FACE_OUTER_BOUND('',#197,.T.);
#108=FACE_OUTER_BOUND('',#198,.T.);
#109=FACE_OUTER_BOUND('',#199,.T.);
#110=FACE_OUTER_BOUND('',#200,.T.);
#111=FACE_OUTER_BOUND('',#201,.T.);
#112=FACE_OUTER_BOUND('',#202,.T.);
#113=FACE_OUTER_BOUND('',#203,.T.);
#114=FACE_OUTER_BOUND('',#204,.T.);
#115=FACE_OUTER_BOUND('',#205,.T.);
#116=FACE_OUTER_BOUND('',#206,.T.);
#117=FACE_OUTER_BOUND('',#207,.T.);
#118=FACE_OUTER_BOUND('',#208,.T.);
#119=FACE_OUTER_BOUND('',#209,.T.);
#120=FACE_OUTER_BOUND('',#210,.T.);
#121=FACE_OUTER_BOUND('',#211,.T.);
#122=FACE_OUTER_BOUND('',#212,.T.);
#123=FACE_OUTER_BOUND('',#213,.T.);
#124=FACE_OUTER_BOUND('',#214,.T.);
#125=FACE_OUTER_BOUND('',#215,.T.);
#126=FACE_OUTER_BOUND('',#216,.T.);
#127=FACE_OUTER_BOUND('',#217,.T.);
#128=FACE_OUTER_BOUND('',#218,.T.);
#129=FACE_OUTER_BOUND('',#219,.T.);
#130=FACE_OUTER_BOUND('',#220,.T.);
#131=FACE_OUTER_BOUND('',#221,.T.);
#132=FACE_OUTER_BOUND('',#222,.T.);
#133=FACE_OUTER_BOUND('',#223,.T.);
#134=FACE_OUTER_BOUND('',#224,.T.);
#135=FACE_OUTER_BOUND('',#225,.T.);
#136=FACE_OUTER_BOUND('',#226,.T.);
#137=FACE_OUTER_BOUND('',#227,.T.);
#138=FACE_OUTER_BOUND('',#228,.T.);
#139=FACE_OUTER_BOUND('',#229,.T.);
#140=FACE_OUTER_BOUND('',#230,.T.);
#141=FACE_OUTER_BOUND('',#231,.T.);
#142=FACE_OUTER_BOUND('',#232,.T.);
#143=FACE_OUTER_BOUND('',#233,.T.);
#144=FACE_OUTER_BOUND('',#236,.T.);
#145=FACE_OUTER_BOUND('',#237,.T.);
#146=FACE_OUTER_BOUND('',#238,.T.);
#147=FACE_OUTER_BOUND('',#239,.T.);
#148=FACE_OUTER_BOUND('',#240,.T.);
#149=EDGE_LOOP('',(#905,#906,#907,#908,#909,#910,#911,#912,#913,#914,#915,
#916,#917,#918,#919,#920,#921,#922,#923,#924,#925,#926,#927,#928));
#150=EDGE_LOOP('',(#929));
#151=EDGE_LOOP('',(#930));
#152=EDGE_LOOP('',(#931,#932,#933,#934,#935,#936,#937,#938,#939,#940,#941,
#942,#943,#944,#945,#946));
#153=EDGE_LOOP('',(#947));
#154=EDGE_LOOP('',(#948));
#155=EDGE_LOOP('',(#949,#950,#951,#952,#953,#954));
#156=EDGE_LOOP('',(#955));
#157=EDGE_LOOP('',(#956));
#158=EDGE_LOOP('',(#957,#958,#959,#960,#961,#962));
#159=EDGE_LOOP('',(#963));
#160=EDGE_LOOP('',(#964));
#161=EDGE_LOOP('',(#965,#966,#967,#968));
#162=EDGE_LOOP('',(#969,#970,#971,#972));
#163=EDGE_LOOP('',(#973,#974,#975,#976,#977,#978));
#164=EDGE_LOOP('',(#979,#980,#981,#982));
#165=EDGE_LOOP('',(#983,#984,#985,#986));
#166=EDGE_LOOP('',(#987,#988,#989,#990));
#167=EDGE_LOOP('',(#991,#992,#993,#994,#995,#996));
#168=EDGE_LOOP('',(#997,#998,#999,#1000,#1001,#1002,#1003,#1004));
#169=EDGE_LOOP('',(#1005));
#170=EDGE_LOOP('',(#1006));
#171=EDGE_LOOP('',(#1007,#1008,#1009,#1010));
#172=EDGE_LOOP('',(#1011,#1012,#1013,#1014,#1015,#1016,#1017,#1018,#1019,
#1020,#1021,#1022,#1023,#1024,#1025,#1026,#1027,#1028,#1029,#1030,#1031,
#1032,#1033,#1034));
#173=EDGE_LOOP('',(#1035,#1036,#1037,#1038,#1039,#1040,#1041,#1042,#1043,
#1044,#1045,#1046,#1047,#1048,#1049,#1050));
#174=EDGE_LOOP('',(#1051));
#175=EDGE_LOOP('',(#1052));
#176=EDGE_LOOP('',(#1053,#1054,#1055,#1056,#1057,#1058));
#177=EDGE_LOOP('',(#1059));
#178=EDGE_LOOP('',(#1060));
#179=EDGE_LOOP('',(#1061,#1062,#1063,#1064,#1065,#1066));
#180=EDGE_LOOP('',(#1067,#1068,#1069,#1070));
#181=EDGE_LOOP('',(#1071,#1072,#1073,#1074));
#182=EDGE_LOOP('',(#1075,#1076,#1077,#1078));
#183=EDGE_LOOP('',(#1079,#1080,#1081,#1082));
#184=EDGE_LOOP('',(#1083,#1084,#1085,#1086));
#185=EDGE_LOOP('',(#1087,#1088,#1089,#1090));
#186=EDGE_LOOP('',(#1091,#1092,#1093,#1094));
#187=EDGE_LOOP('',(#1095,#1096,#1097,#1098));
#188=EDGE_LOOP('',(#1099,#1100,#1101,#1102));
#189=EDGE_LOOP('',(#1103,#1104,#1105,#1106));
#190=EDGE_LOOP('',(#1107,#1108,#1109,#1110));
#191=EDGE_LOOP('',(#1111,#1112,#1113,#1114));
#192=EDGE_LOOP('',(#1115,#1116,#1117,#1118));
#193=EDGE_LOOP('',(#1119,#1120,#1121,#1122));
#194=EDGE_LOOP('',(#1123,#1124,#1125,#1126));
#195=EDGE_LOOP('',(#1127,#1128,#1129,#1130));
#196=EDGE_LOOP('',(#1131,#1132,#1133,#1134));
#197=EDGE_LOOP('',(#1135,#1136,#1137,#1138));
#198=EDGE_LOOP('',(#1139,#1140,#1141,#1142));
#199=EDGE_LOOP('',(#1143,#1144,#1145,#1146));
#200=EDGE_LOOP('',(#1147,#1148,#1149,#1150,#1151,#1152));
#201=EDGE_LOOP('',(#1153,#1154,#1155,#1156,#1157,#1158));
#202=EDGE_LOOP('',(#1159,#1160,#1161,#1162));
#203=EDGE_LOOP('',(#1163,#1164,#1165,#1166));
#204=EDGE_LOOP('',(#1167,#1168,#1169,#1170));
#205=EDGE_LOOP('',(#1171,#1172,#1173,#1174));
#206=EDGE_LOOP('',(#1175,#1176,#1177,#1178));
#207=EDGE_LOOP('',(#1179,#1180,#1181,#1182));
#208=EDGE_LOOP('',(#1183,#1184,#1185,#1186));
#209=EDGE_LOOP('',(#1187,#1188,#1189,#1190));
#210=EDGE_LOOP('',(#1191,#1192,#1193,#1194));
#211=EDGE_LOOP('',(#1195,#1196,#1197,#1198));
#212=EDGE_LOOP('',(#1199,#1200,#1201,#1202));
#213=EDGE_LOOP('',(#1203,#1204,#1205,#1206));
#214=EDGE_LOOP('',(#1207,#1208,#1209,#1210));
#215=EDGE_LOOP('',(#1211,#1212,#1213,#1214));
#216=EDGE_LOOP('',(#1215,#1216,#1217,#1218));
#217=EDGE_LOOP('',(#1219,#1220,#1221,#1222));
#218=EDGE_LOOP('',(#1223,#1224,#1225,#1226));
#219=EDGE_LOOP('',(#1227,#1228,#1229,#1230));
#220=EDGE_LOOP('',(#1231,#1232,#1233,#1234));
#221=EDGE_LOOP('',(#1235,#1236,#1237,#1238));
#222=EDGE_LOOP('',(#1239,#1240,#1241,#1242));
#223=EDGE_LOOP('',(#1243,#1244,#1245,#1246));
#224=EDGE_LOOP('',(#1247,#1248,#1249,#1250));
#225=EDGE_LOOP('',(#1251,#1252,#1253,#1254));
#226=EDGE_LOOP('',(#1255,#1256,#1257,#1258));
#227=EDGE_LOOP('',(#1259,#1260,#1261,#1262));
#228=EDGE_LOOP('',(#1263,#1264,#1265,#1266));
#229=EDGE_LOOP('',(#1267,#1268,#1269,#1270));
#230=EDGE_LOOP('',(#1271,#1272,#1273,#1274));
#231=EDGE_LOOP('',(#1275,#1276,#1277,#1278));
#232=EDGE_LOOP('',(#1279,#1280,#1281,#1282));
#233=EDGE_LOOP('',(#1283,#1284,#1285,#1286,#1287,#1288,#1289,#1290));
#234=EDGE_LOOP('',(#1291));
#235=EDGE_LOOP('',(#1292));
#236=EDGE_LOOP('',(#1293,#1294,#1295,#1296));
#237=EDGE_LOOP('',(#1297,#1298,#1299,#1300));
#238=EDGE_LOOP('',(#1301,#1302,#1303,#1304));
#239=EDGE_LOOP('',(#1305,#1306,#1307,#1308));
#240=EDGE_LOOP('',(#1309,#1310,#1311,#1312));
#241=CIRCLE('',#1435,2.);
#242=CIRCLE('',#1436,2.);
#243=CIRCLE('',#1437,2.);
#244=CIRCLE('',#1438,2.);
#245=CIRCLE('',#1439,10.);
#246=CIRCLE('',#1440,10.);
#247=CIRCLE('',#1441,2.);
#248=CIRCLE('',#1442,2.);
#249=CIRCLE('',#1443,2.);
#250=CIRCLE('',#1444,2.);
#251=CIRCLE('',#1445,10.);
#252=CIRCLE('',#1446,10.);
#253=CIRCLE('',#1447,3.175);
#254=CIRCLE('',#1448,3.175);
#255=CIRCLE('',#1449,3.5);
#256=CIRCLE('',#1450,2.);
#257=CIRCLE('',#1451,2.);
#258=CIRCLE('',#1452,3.5);
#259=CIRCLE('',#1453,2.);
#260=CIRCLE('',#1454,2.);
#261=CIRCLE('',#1455,3.5);
#262=CIRCLE('',#1456,2.);
#263=CIRCLE('',#1457,2.);
#264=CIRCLE('',#1458,3.5);
#265=CIRCLE('',#1459,2.);
#266=CIRCLE('',#1460,2.);
#267=CIRCLE('',#1461,1.5);
#268=CIRCLE('',#1462,1.5);
#269=CIRCLE('',#1463,2.);
#270=CIRCLE('',#1464,2.);
#271=CIRCLE('',#1465,2.);
#272=CIRCLE('',#1466,1.5);
#273=CIRCLE('',#1467,1.5);
#274=CIRCLE('',#1468,2.);
#275=CIRCLE('',#1469,2.);
#276=CIRCLE('',#1470,2.);
#277=CIRCLE('',#1471,3.175);
#278=CIRCLE('',#1472,3.175);
#279=CIRCLE('',#1474,3.175);
#280=CIRCLE('',#1476,3.175);
#281=CIRCLE('',#1479,10.);
#282=CIRCLE('',#1482,10.);
#283=CIRCLE('',#1485,10.);
#284=CIRCLE('',#1486,10.);
#285=CIRCLE('',#1488,10.);
#286=CIRCLE('',#1490,10.);
#287=CIRCLE('',#1491,2.);
#288=CIRCLE('',#1492,2.);
#289=CIRCLE('',#1493,2.);
#290=CIRCLE('',#1494,2.);
#291=CIRCLE('',#1495,10.);
#292=CIRCLE('',#1496,10.);
#293=CIRCLE('',#1497,2.);
#294=CIRCLE('',#1498,2.);
#295=CIRCLE('',#1499,2.);
#296=CIRCLE('',#1500,2.);
#297=CIRCLE('',#1501,3.5);
#298=CIRCLE('',#1502,2.);
#299=CIRCLE('',#1503,2.);
#300=CIRCLE('',#1504,3.5);
#301=CIRCLE('',#1505,2.);
#302=CIRCLE('',#1506,2.);
#303=CIRCLE('',#1507,3.5);
#304=CIRCLE('',#1508,2.);
#305=CIRCLE('',#1509,2.);
#306=CIRCLE('',#1510,3.5);
#307=CIRCLE('',#1511,2.);
#308=CIRCLE('',#1512,2.);
#309=CIRCLE('',#1513,1.5);
#310=CIRCLE('',#1514,1.5);
#311=CIRCLE('',#1515,2.);
#312=CIRCLE('',#1516,2.);
#313=CIRCLE('',#1517,2.);
#314=CIRCLE('',#1518,1.5);
#315=CIRCLE('',#1519,1.5);
#316=CIRCLE('',#1520,2.);
#317=CIRCLE('',#1521,2.);
#318=CIRCLE('',#1522,2.);
#319=CIRCLE('',#1574,10.);
#320=CIRCLE('',#1577,10.);
#321=CIRCLE('',#1579,10.);
#322=CIRCLE('',#1580,10.);
#323=CIRCLE('',#1581,3.175);
#324=CIRCLE('',#1582,3.175);
#325=LINE('',#2022,#445);
#326=LINE('',#2026,#446);
#327=LINE('',#2030,#447);
#328=LINE('',#2034,#448);
#329=LINE('',#2038,#449);
#330=LINE('',#2042,#450);
#331=LINE('',#2046,#451);
#332=LINE('',#2050,#452);
#333=LINE('',#2054,#453);
#334=LINE('',#2058,#454);
#335=LINE('',#2062,#455);
#336=LINE('',#2066,#456);
#337=LINE('',#2078,#457);
#338=LINE('',#2086,#458);
#339=LINE('',#2094,#459);
#340=LINE('',#2102,#460);
#341=LINE('',#2110,#461);
#342=LINE('',#2114,#462);
#343=LINE('',#2118,#463);
#344=LINE('',#2126,#464);
#345=LINE('',#2130,#465);
#346=LINE('',#2134,#466);
#347=LINE('',#2142,#467);
#348=LINE('',#2146,#468);
#349=LINE('',#2150,#469);
#350=LINE('',#2152,#470);
#351=LINE('',#2154,#471);
#352=LINE('',#2156,#472);
#353=LINE('',#2157,#473);
#354=LINE('',#2160,#474);
#355=LINE('',#2164,#475);
#356=LINE('',#2165,#476);
#357=LINE('',#2168,#477);
#358=LINE('',#2172,#478);
#359=LINE('',#2174,#479);
#360=LINE('',#2176,#480);
#361=LINE('',#2177,#481);
#362=LINE('',#2182,#482);
#363=LINE('',#2186,#483);
#364=LINE('',#2190,#484);
#365=LINE('',#2195,#485);
#366=LINE('',#2199,#486);
#367=LINE('',#2203,#487);
#368=LINE('',#2207,#488);
#369=LINE('',#2211,#489);
#370=LINE('',#2215,#490);
#371=LINE('',#2219,#491);
#372=LINE('',#2223,#492);
#373=LINE('',#2227,#493);
#374=LINE('',#2235,#494);
#375=LINE('',#2243,#495);
#376=LINE('',#2251,#496);
#377=LINE('',#2259,#497);
#378=LINE('',#2267,#498);
#379=LINE('',#2271,#499);
#380=LINE('',#2275,#500);
#381=LINE('',#2283,#501);
#382=LINE('',#2287,#502);
#383=LINE('',#2291,#503);
#384=LINE('',#2294,#504);
#385=LINE('',#2296,#505);
#386=LINE('',#2298,#506);
#387=LINE('',#2300,#507);
#388=LINE('',#2301,#508);
#389=LINE('',#2303,#509);
#390=LINE('',#2305,#510);
#391=LINE('',#2307,#511);
#392=LINE('',#2309,#512);
#393=LINE('',#2312,#513);
#394=LINE('',#2314,#514);
#395=LINE('',#2316,#515);
#396=LINE('',#2317,#516);
#397=LINE('',#2319,#517);
#398=LINE('',#2321,#518);
#399=LINE('',#2323,#519);
#400=LINE('',#2325,#520);
#401=LINE('',#2328,#521);
#402=LINE('',#2330,#522);
#403=LINE('',#2332,#523);
#404=LINE('',#2333,#524);
#405=LINE('',#2336,#525);
#406=LINE('',#2338,#526);
#407=LINE('',#2339,#527);
#408=LINE('',#2342,#528);
#409=LINE('',#2344,#529);
#410=LINE('',#2345,#530);
#411=LINE('',#2346,#531);
#412=LINE('',#2348,#532);
#413=LINE('',#2350,#533);
#414=LINE('',#2352,#534);
#415=LINE('',#2354,#535);
#416=LINE('',#2356,#536);
#417=LINE('',#2359,#537);
#418=LINE('',#2361,#538);
#419=LINE('',#2363,#539);
#420=LINE('',#2365,#540);
#421=LINE('',#2368,#541);
#422=LINE('',#2369,#542);
#423=LINE('',#2371,#543);
#424=LINE('',#2373,#544);
#425=LINE('',#2375,#545);
#426=LINE('',#2377,#546);
#427=LINE('',#2379,#547);
#428=LINE('',#2381,#548);
#429=LINE('',#2383,#549);
#430=LINE('',#2385,#550);
#431=LINE('',#2387,#551);
#432=LINE('',#2389,#552);
#433=LINE('',#2391,#553);
#434=LINE('',#2393,#554);
#435=LINE('',#2395,#555);
#436=LINE('',#2397,#556);
#437=LINE('',#2403,#557);
#438=LINE('',#2406,#558);
#439=LINE('',#2407,#559);
#440=LINE('',#2414,#560);
#441=LINE('',#2421,#561);
#442=LINE('',#2423,#562);
#443=LINE('',#2426,#563);
#444=LINE('',#2428,#564);
#445=VECTOR('',#1592,10.);
#446=VECTOR('',#1595,10.);
#447=VECTOR('',#1598,10.);
#448=VECTOR('',#1601,10.);
#449=VECTOR('',#1604,10.);
#450=VECTOR('',#1607,10.);
#451=VECTOR('',#1610,10.);
#452=VECTOR('',#1613,10.);
#453=VECTOR('',#1616,10.);
#454=VECTOR('',#1619,10.);
#455=VECTOR('',#1622,10.);
#456=VECTOR('',#1625,10.);
#457=VECTOR('',#1636,10.);
#458=VECTOR('',#1643,10.);
#459=VECTOR('',#1650,10.);
#460=VECTOR('',#1657,10.);
#461=VECTOR('',#1664,10.);
#462=VECTOR('',#1667,10.);
#463=VECTOR('',#1670,10.);
#464=VECTOR('',#1677,10.);
#465=VECTOR('',#1680,10.);
#466=VECTOR('',#1683,10.);
#467=VECTOR('',#1692,3.175);
#468=VECTOR('',#1697,3.175);
#469=VECTOR('',#1702,10.);
#470=VECTOR('',#1703,10.);
#471=VECTOR('',#1704,10.);
#472=VECTOR('',#1705,10.);
#473=VECTOR('',#1706,10.);
#474=VECTOR('',#1709,10.);
#475=VECTOR('',#1714,10.);
#476=VECTOR('',#1715,10.);
#477=VECTOR('',#1718,10.);
#478=VECTOR('',#1723,10.);
#479=VECTOR('',#1724,10.);
#480=VECTOR('',#1725,10.);
#481=VECTOR('',#1726,10.);
#482=VECTOR('',#1731,10.);
#483=VECTOR('',#1736,10.);
#484=VECTOR('',#1741,10.);
#485=VECTOR('',#1746,10.);
#486=VECTOR('',#1749,10.);
#487=VECTOR('',#1752,10.);
#488=VECTOR('',#1755,10.);
#489=VECTOR('',#1758,10.);
#490=VECTOR('',#1761,10.);
#491=VECTOR('',#1764,10.);
#492=VECTOR('',#1767,10.);
#493=VECTOR('',#1770,10.);
#494=VECTOR('',#1777,10.);
#495=VECTOR('',#1784,10.);
#496=VECTOR('',#1791,10.);
#497=VECTOR('',#1798,10.);
#498=VECTOR('',#1805,10.);
#499=VECTOR('',#1808,10.);
#500=VECTOR('',#1811,10.);
#501=VECTOR('',#1818,10.);
#502=VECTOR('',#1821,10.);
#503=VECTOR('',#1824,10.);
#504=VECTOR('',#1829,10.);
#505=VECTOR('',#1832,10.);
#506=VECTOR('',#1835,10.);
#507=VECTOR('',#1838,10.);
#508=VECTOR('',#1839,10.);
#509=VECTOR('',#1842,10.);
#510=VECTOR('',#1845,10.);
#511=VECTOR('',#1848,10.);
#512=VECTOR('',#1851,10.);
#513=VECTOR('',#1856,1.5);
#514=VECTOR('',#1859,1.5);
#515=VECTOR('',#1862,10.);
#516=VECTOR('',#1863,10.);
#517=VECTOR('',#1866,10.);
#518=VECTOR('',#1869,10.);
#519=VECTOR('',#1872,10.);
#520=VECTOR('',#1875,10.);
#521=VECTOR('',#1880,1.5);
#522=VECTOR('',#1883,1.5);
#523=VECTOR('',#1886,10.);
#524=VECTOR('',#1887,10.);
#525=VECTOR('',#1890,10.);
#526=VECTOR('',#1891,10.);
#527=VECTOR('',#1892,10.);
#528=VECTOR('',#1895,10.);
#529=VECTOR('',#1896,10.);
#530=VECTOR('',#1897,10.);
#531=VECTOR('',#1898,10.);
#532=VECTOR('',#1901,10.);
#533=VECTOR('',#1904,10.);
#534=VECTOR('',#1907,10.);
#535=VECTOR('',#1910,10.);
#536=VECTOR('',#1913,10.);
#537=VECTOR('',#1918,10.);
#538=VECTOR('',#1921,10.);
#539=VECTOR('',#1924,10.);
#540=VECTOR('',#1927,10.);
#541=VECTOR('',#1932,10.);
#542=VECTOR('',#1933,10.);
#543=VECTOR('',#1936,10.);
#544=VECTOR('',#1939,10.);
#545=VECTOR('',#1942,10.);
#546=VECTOR('',#1945,10.);
#547=VECTOR('',#1948,10.);
#548=VECTOR('',#1951,10.);
#549=VECTOR('',#1954,10.);
#550=VECTOR('',#1957,10.);
#551=VECTOR('',#1960,10.);
#552=VECTOR('',#1963,10.);
#553=VECTOR('',#1966,10.);
#554=VECTOR('',#1969,10.);
#555=VECTOR('',#1972,10.);
#556=VECTOR('',#1975,10.);
#557=VECTOR('',#1984,10.);
#558=VECTOR('',#1987,10.);
#559=VECTOR('',#1988,10.);
#560=VECTOR('',#1997,10.);
#561=VECTOR('',#2006,10.);
#562=VECTOR('',#2009,10.);
#563=VECTOR('',#2014,3.175);
#564=VECTOR('',#2017,3.175);
#565=VERTEX_POINT('',#2020);
#566=VERTEX_POINT('',#2021);
#567=VERTEX_POINT('',#2023);
#568=VERTEX_POINT('',#2025);
#569=VERTEX_POINT('',#2027);
#570=VERTEX_POINT('',#2029);
#571=VERTEX_POINT('',#2031);
#572=VERTEX_POINT('',#2033);
#573=VERTEX_POINT('',#2035);
#574=VERTEX_POINT('',#2037);
#575=VERTEX_POINT('',#2039);
#576=VERTEX_POINT('',#2041);
#577=VERTEX_POINT('',#2043);
#578=VERTEX_POINT('',#2045);
#579=VERTEX_POINT('',#2047);
#580=VERTEX_POINT('',#2049);
#581=VERTEX_POINT('',#2051);
#582=VERTEX_POINT('',#2053);
#583=VERTEX_POINT('',#2055);
#584=VERTEX_POINT('',#2057);
#585=VERTEX_POINT('',#2059);
#586=VERTEX_POINT('',#2061);
#587=VERTEX_POINT('',#2063);
#588=VERTEX_POINT('',#2065);
#589=VERTEX_POINT('',#2068);
#590=VERTEX_POINT('',#2070);
#591=VERTEX_POINT('',#2072);
#592=VERTEX_POINT('',#2073);
#593=VERTEX_POINT('',#2075);
#594=VERTEX_POINT('',#2077);
#595=VERTEX_POINT('',#2079);
#596=VERTEX_POINT('',#2081);
#597=VERTEX_POINT('',#2083);
#598=VERTEX_POINT('',#2085);
#599=VERTEX_POINT('',#2087);
#600=VERTEX_POINT('',#2089);
#601=VERTEX_POINT('',#2091);
#602=VERTEX_POINT('',#2093);
#603=VERTEX_POINT('',#2095);
#604=VERTEX_POINT('',#2097);
#605=VERTEX_POINT('',#2099);
#606=VERTEX_POINT('',#2101);
#607=VERTEX_POINT('',#2104);
#608=VERTEX_POINT('',#2106);
#609=VERTEX_POINT('',#2108);
#610=VERTEX_POINT('',#2109);
#611=VERTEX_POINT('',#2111);
#612=VERTEX_POINT('',#2113);
#613=VERTEX_POINT('',#2115);
#614=VERTEX_POINT('',#2117);
#615=VERTEX_POINT('',#2120);
#616=VERTEX_POINT('',#2122);
#617=VERTEX_POINT('',#2124);
#618=VERTEX_POINT('',#2125);
#619=VERTEX_POINT('',#2127);
#620=VERTEX_POINT('',#2129);
#621=VERTEX_POINT('',#2131);
#622=VERTEX_POINT('',#2133);
#623=VERTEX_POINT('',#2136);
#624=VERTEX_POINT('',#2138);
#625=VERTEX_POINT('',#2141);
#626=VERTEX_POINT('',#2145);
#627=VERTEX_POINT('',#2149);
#628=VERTEX_POINT('',#2151);
#629=VERTEX_POINT('',#2153);
#630=VERTEX_POINT('',#2155);
#631=VERTEX_POINT('',#2159);
#632=VERTEX_POINT('',#2163);
#633=VERTEX_POINT('',#2167);
#634=VERTEX_POINT('',#2171);
#635=VERTEX_POINT('',#2173);
#636=VERTEX_POINT('',#2175);
#637=VERTEX_POINT('',#2179);
#638=VERTEX_POINT('',#2181);
#639=VERTEX_POINT('',#2185);
#640=VERTEX_POINT('',#2189);
#641=VERTEX_POINT('',#2192);
#642=VERTEX_POINT('',#2194);
#643=VERTEX_POINT('',#2196);
#644=VERTEX_POINT('',#2198);
#645=VERTEX_POINT('',#2200);
#646=VERTEX_POINT('',#2202);
#647=VERTEX_POINT('',#2204);
#648=VERTEX_POINT('',#2206);
#649=VERTEX_POINT('',#2208);
#650=VERTEX_POINT('',#2210);
#651=VERTEX_POINT('',#2212);
#652=VERTEX_POINT('',#2214);
#653=VERTEX_POINT('',#2216);
#654=VERTEX_POINT('',#2218);
#655=VERTEX_POINT('',#2220);
#656=VERTEX_POINT('',#2222);
#657=VERTEX_POINT('',#2224);
#658=VERTEX_POINT('',#2226);
#659=VERTEX_POINT('',#2229);
#660=VERTEX_POINT('',#2230);
#661=VERTEX_POINT('',#2232);
#662=VERTEX_POINT('',#2234);
#663=VERTEX_POINT('',#2236);
#664=VERTEX_POINT('',#2238);
#665=VERTEX_POINT('',#2240);
#666=VERTEX_POINT('',#2242);
#667=VERTEX_POINT('',#2244);
#668=VERTEX_POINT('',#2246);
#669=VERTEX_POINT('',#2248);
#670=VERTEX_POINT('',#2250);
#671=VERTEX_POINT('',#2252);
#672=VERTEX_POINT('',#2254);
#673=VERTEX_POINT('',#2256);
#674=VERTEX_POINT('',#2258);
#675=VERTEX_POINT('',#2261);
#676=VERTEX_POINT('',#2263);
#677=VERTEX_POINT('',#2265);
#678=VERTEX_POINT('',#2266);
#679=VERTEX_POINT('',#2268);
#680=VERTEX_POINT('',#2270);
#681=VERTEX_POINT('',#2272);
#682=VERTEX_POINT('',#2274);
#683=VERTEX_POINT('',#2277);
#684=VERTEX_POINT('',#2279);
#685=VERTEX_POINT('',#2281);
#686=VERTEX_POINT('',#2282);
#687=VERTEX_POINT('',#2284);
#688=VERTEX_POINT('',#2286);
#689=VERTEX_POINT('',#2288);
#690=VERTEX_POINT('',#2290);
#691=VERTEX_POINT('',#2335);
#692=VERTEX_POINT('',#2337);
#693=VERTEX_POINT('',#2341);
#694=VERTEX_POINT('',#2343);
#695=VERTEX_POINT('',#2401);
#696=VERTEX_POINT('',#2405);
#697=VERTEX_POINT('',#2411);
#698=VERTEX_POINT('',#2413);
#699=VERTEX_POINT('',#2416);
#700=VERTEX_POINT('',#2418);
#701=EDGE_CURVE('',#565,#566,#325,.T.);
#702=EDGE_CURVE('',#567,#565,#241,.T.);
#703=EDGE_CURVE('',#567,#568,#326,.T.);
#704=EDGE_CURVE('',#569,#568,#242,.T.);
#705=EDGE_CURVE('',#569,#570,#327,.T.);
#706=EDGE_CURVE('',#571,#570,#243,.T.);
#707=EDGE_CURVE('',#571,#572,#328,.T.);
#708=EDGE_CURVE('',#573,#572,#244,.T.);
#709=EDGE_CURVE('',#573,#574,#329,.T.);
#710=EDGE_CURVE('',#575,#574,#245,.T.);
#711=EDGE_CURVE('',#576,#575,#330,.T.);
#712=EDGE_CURVE('',#577,#576,#246,.T.);
#713=EDGE_CURVE('',#578,#577,#331,.T.);
#714=EDGE_CURVE('',#579,#578,#247,.T.);
#715=EDGE_CURVE('',#579,#580,#332,.T.);
#716=EDGE_CURVE('',#581,#580,#248,.T.);
#717=EDGE_CURVE('',#581,#582,#333,.T.);
#718=EDGE_CURVE('',#583,#582,#249,.T.);
#719=EDGE_CURVE('',#583,#584,#334,.T.);
#720=EDGE_CURVE('',#585,#584,#250,.T.);
#721=EDGE_CURVE('',#586,#585,#335,.T.);
#722=EDGE_CURVE('',#587,#586,#251,.T.);
#723=EDGE_CURVE('',#588,#587,#336,.T.);
#724=EDGE_CURVE('',#566,#588,#252,.T.);
#725=EDGE_CURVE('',#589,#589,#253,.T.);
#726=EDGE_CURVE('',#590,#590,#254,.T.);
#727=EDGE_CURVE('',#591,#592,#255,.T.);
#728=EDGE_CURVE('',#593,#592,#256,.T.);
#729=EDGE_CURVE('',#593,#594,#337,.T.);
#730=EDGE_CURVE('',#595,#594,#257,.T.);
#731=EDGE_CURVE('',#595,#596,#258,.T.);
#732=EDGE_CURVE('',#597,#596,#259,.T.);
#733=EDGE_CURVE('',#597,#598,#338,.T.);
#734=EDGE_CURVE('',#599,#598,#260,.T.);
#735=EDGE_CURVE('',#599,#600,#261,.T.);
#736=EDGE_CURVE('',#601,#600,#262,.T.);
#737=EDGE_CURVE('',#601,#602,#339,.T.);
#738=EDGE_CURVE('',#603,#602,#263,.T.);
#739=EDGE_CURVE('',#603,#604,#264,.T.);
#740=EDGE_CURVE('',#605,#604,#265,.T.);
#741=EDGE_CURVE('',#605,#606,#340,.T.);
#742=EDGE_CURVE('',#591,#606,#266,.T.);
#743=EDGE_CURVE('',#607,#607,#267,.T.);
#744=EDGE_CURVE('',#608,#608,#268,.T.);
#745=EDGE_CURVE('',#609,#610,#341,.T.);
#746=EDGE_CURVE('',#611,#610,#269,.T.);
#747=EDGE_CURVE('',#611,#612,#342,.T.);
#748=EDGE_CURVE('',#613,#612,#270,.T.);
#749=EDGE_CURVE('',#613,#614,#343,.T.);
#750=EDGE_CURVE('',#609,#614,#271,.T.);
#751=EDGE_CURVE('',#615,#615,#272,.T.);
#752=EDGE_CURVE('',#616,#616,#273,.T.);
#753=EDGE_CURVE('',#617,#618,#344,.T.);
#754=EDGE_CURVE('',#619,#618,#274,.T.);
#755=EDGE_CURVE('',#619,#620,#345,.T.);
#756=EDGE_CURVE('',#621,#620,#275,.T.);
#757=EDGE_CURVE('',#621,#622,#346,.T.);
#758=EDGE_CURVE('',#617,#622,#276,.T.);
#759=EDGE_CURVE('',#623,#623,#277,.T.);
#760=EDGE_CURVE('',#624,#624,#278,.T.);
#761=EDGE_CURVE('',#623,#625,#347,.T.);
#762=EDGE_CURVE('',#625,#625,#279,.T.);
#763=EDGE_CURVE('',#624,#626,#348,.T.);
#764=EDGE_CURVE('',#626,#626,#280,.T.);
#765=EDGE_CURVE('',#627,#566,#349,.T.);
#766=EDGE_CURVE('',#628,#627,#350,.T.);
#767=EDGE_CURVE('',#629,#628,#351,.T.);
#768=EDGE_CURVE('',#630,#629,#352,.T.);
#769=EDGE_CURVE('',#565,#630,#353,.T.);
#770=EDGE_CURVE('',#588,#631,#354,.T.);
#771=EDGE_CURVE('',#631,#627,#281,.T.);
#772=EDGE_CURVE('',#632,#587,#355,.T.);
#773=EDGE_CURVE('',#632,#631,#356,.T.);
#774=EDGE_CURVE('',#586,#633,#357,.T.);
#775=EDGE_CURVE('',#633,#632,#282,.T.);
#776=EDGE_CURVE('',#634,#585,#358,.T.);
#777=EDGE_CURVE('',#634,#635,#359,.T.);
#778=EDGE_CURVE('',#636,#635,#360,.T.);
#779=EDGE_CURVE('',#636,#633,#361,.T.);
#780=EDGE_CURVE('',#637,#636,#283,.T.);
#781=EDGE_CURVE('',#637,#638,#362,.T.);
#782=EDGE_CURVE('',#628,#638,#284,.T.);
#783=EDGE_CURVE('',#638,#639,#363,.T.);
#784=EDGE_CURVE('',#639,#629,#285,.F.);
#785=EDGE_CURVE('',#640,#639,#364,.T.);
#786=EDGE_CURVE('',#635,#640,#286,.F.);
#787=EDGE_CURVE('',#641,#634,#287,.T.);
#788=EDGE_CURVE('',#641,#642,#365,.T.);
#789=EDGE_CURVE('',#643,#642,#288,.T.);
#790=EDGE_CURVE('',#643,#644,#366,.T.);
#791=EDGE_CURVE('',#645,#644,#289,.T.);
#792=EDGE_CURVE('',#645,#646,#367,.T.);
#793=EDGE_CURVE('',#647,#646,#290,.T.);
#794=EDGE_CURVE('',#648,#647,#368,.T.);
#795=EDGE_CURVE('',#649,#648,#291,.F.);
#796=EDGE_CURVE('',#649,#650,#369,.T.);
#797=EDGE_CURVE('',#651,#650,#292,.F.);
#798=EDGE_CURVE('',#651,#652,#370,.T.);
#799=EDGE_CURVE('',#653,#652,#293,.T.);
#800=EDGE_CURVE('',#653,#654,#371,.T.);
#801=EDGE_CURVE('',#655,#654,#294,.T.);
#802=EDGE_CURVE('',#655,#656,#372,.T.);
#803=EDGE_CURVE('',#657,#656,#295,.T.);
#804=EDGE_CURVE('',#657,#658,#373,.T.);
#805=EDGE_CURVE('',#630,#658,#296,.T.);
#806=EDGE_CURVE('',#659,#660,#297,.T.);
#807=EDGE_CURVE('',#661,#660,#298,.T.);
#808=EDGE_CURVE('',#661,#662,#374,.T.);
#809=EDGE_CURVE('',#663,#662,#299,.T.);
#810=EDGE_CURVE('',#663,#664,#300,.T.);
#811=EDGE_CURVE('',#665,#664,#301,.T.);
#812=EDGE_CURVE('',#665,#666,#375,.T.);
#813=EDGE_CURVE('',#667,#666,#302,.T.);
#814=EDGE_CURVE('',#667,#668,#303,.T.);
#815=EDGE_CURVE('',#669,#668,#304,.T.);
#816=EDGE_CURVE('',#669,#670,#376,.T.);
#817=EDGE_CURVE('',#671,#670,#305,.T.);
#818=EDGE_CURVE('',#671,#672,#306,.T.);
#819=EDGE_CURVE('',#673,#672,#307,.T.);
#820=EDGE_CURVE('',#673,#674,#377,.T.);
#821=EDGE_CURVE('',#659,#674,#308,.T.);
#822=EDGE_CURVE('',#675,#675,#309,.T.);
#823=EDGE_CURVE('',#676,#676,#310,.T.);
#824=EDGE_CURVE('',#677,#678,#378,.T.);
#825=EDGE_CURVE('',#679,#678,#311,.T.);
#826=EDGE_CURVE('',#679,#680,#379,.T.);
#827=EDGE_CURVE('',#681,#680,#312,.T.);
#828=EDGE_CURVE('',#681,#682,#380,.T.);
#829=EDGE_CURVE('',#677,#682,#313,.T.);
#830=EDGE_CURVE('',#683,#683,#314,.T.);
#831=EDGE_CURVE('',#684,#684,#315,.T.);
#832=EDGE_CURVE('',#685,#686,#381,.T.);
#833=EDGE_CURVE('',#687,#686,#316,.T.);
#834=EDGE_CURVE('',#687,#688,#382,.T.);
#835=EDGE_CURVE('',#689,#688,#317,.T.);
#836=EDGE_CURVE('',#689,#690,#383,.T.);
#837=EDGE_CURVE('',#685,#690,#318,.T.);
#838=EDGE_CURVE('',#658,#567,#384,.T.);
#839=EDGE_CURVE('',#584,#641,#385,.T.);
#840=EDGE_CURVE('',#640,#637,#386,.T.);
#841=EDGE_CURVE('',#686,#617,#387,.T.);
#842=EDGE_CURVE('',#618,#685,#388,.T.);
#843=EDGE_CURVE('',#690,#619,#389,.T.);
#844=EDGE_CURVE('',#620,#689,#390,.T.);
#845=EDGE_CURVE('',#688,#621,#391,.T.);
#846=EDGE_CURVE('',#622,#687,#392,.T.);
#847=EDGE_CURVE('',#684,#616,#393,.T.);
#848=EDGE_CURVE('',#683,#615,#394,.T.);
#849=EDGE_CURVE('',#610,#677,#395,.T.);
#850=EDGE_CURVE('',#678,#609,#396,.T.);
#851=EDGE_CURVE('',#682,#611,#397,.T.);
#852=EDGE_CURVE('',#612,#681,#398,.T.);
#853=EDGE_CURVE('',#680,#613,#399,.T.);
#854=EDGE_CURVE('',#614,#679,#400,.T.);
#855=EDGE_CURVE('',#676,#608,#401,.T.);
#856=EDGE_CURVE('',#675,#607,#402,.T.);
#857=EDGE_CURVE('',#652,#573,#403,.T.);
#858=EDGE_CURVE('',#572,#653,#404,.T.);
#859=EDGE_CURVE('',#691,#651,#405,.T.);
#860=EDGE_CURVE('',#692,#691,#406,.T.);
#861=EDGE_CURVE('',#574,#692,#407,.T.);
#862=EDGE_CURVE('',#693,#577,#408,.T.);
#863=EDGE_CURVE('',#693,#694,#409,.T.);
#864=EDGE_CURVE('',#648,#694,#410,.T.);
#865=EDGE_CURVE('',#578,#647,#411,.T.);
#866=EDGE_CURVE('',#646,#579,#412,.T.);
#867=EDGE_CURVE('',#580,#645,#413,.T.);
#868=EDGE_CURVE('',#644,#581,#414,.T.);
#869=EDGE_CURVE('',#582,#643,#415,.T.);
#870=EDGE_CURVE('',#642,#583,#416,.T.);
#871=EDGE_CURVE('',#568,#657,#417,.T.);
#872=EDGE_CURVE('',#656,#569,#418,.T.);
#873=EDGE_CURVE('',#570,#655,#419,.T.);
#874=EDGE_CURVE('',#654,#571,#420,.T.);
#875=EDGE_CURVE('',#592,#659,#421,.T.);
#876=EDGE_CURVE('',#660,#591,#422,.T.);
#877=EDGE_CURVE('',#674,#593,#423,.T.);
#878=EDGE_CURVE('',#594,#673,#424,.T.);
#879=EDGE_CURVE('',#672,#595,#425,.T.);
#880=EDGE_CURVE('',#596,#671,#426,.T.);
#881=EDGE_CURVE('',#670,#597,#427,.T.);
#882=EDGE_CURVE('',#598,#669,#428,.T.);
#883=EDGE_CURVE('',#668,#599,#429,.T.);
#884=EDGE_CURVE('',#600,#667,#430,.T.);
#885=EDGE_CURVE('',#666,#601,#431,.T.);
#886=EDGE_CURVE('',#602,#665,#432,.T.);
#887=EDGE_CURVE('',#664,#603,#433,.T.);
#888=EDGE_CURVE('',#604,#663,#434,.T.);
#889=EDGE_CURVE('',#662,#605,#435,.T.);
#890=EDGE_CURVE('',#606,#661,#436,.T.);
#891=EDGE_CURVE('',#694,#695,#319,.T.);
#892=EDGE_CURVE('',#695,#649,#437,.T.);
#893=EDGE_CURVE('',#650,#696,#438,.T.);
#894=EDGE_CURVE('',#695,#696,#439,.T.);
#895=EDGE_CURVE('',#696,#691,#320,.T.);
#896=EDGE_CURVE('',#697,#693,#321,.T.);
#897=EDGE_CURVE('',#697,#698,#440,.T.);
#898=EDGE_CURVE('',#692,#698,#322,.T.);
#899=EDGE_CURVE('',#699,#699,#323,.T.);
#900=EDGE_CURVE('',#700,#700,#324,.T.);
#901=EDGE_CURVE('',#698,#575,#441,.T.);
#902=EDGE_CURVE('',#576,#697,#442,.T.);
#903=EDGE_CURVE('',#590,#699,#443,.T.);
#904=EDGE_CURVE('',#589,#700,#444,.T.);
#905=ORIENTED_EDGE('',*,*,#701,.F.);
#906=ORIENTED_EDGE('',*,*,#702,.F.);
#907=ORIENTED_EDGE('',*,*,#703,.T.);
#908=ORIENTED_EDGE('',*,*,#704,.F.);
#909=ORIENTED_EDGE('',*,*,#705,.T.);
#910=ORIENTED_EDGE('',*,*,#706,.F.);
#911=ORIENTED_EDGE('',*,*,#707,.T.);
#912=ORIENTED_EDGE('',*,*,#708,.F.);
#913=ORIENTED_EDGE('',*,*,#709,.T.);
#914=ORIENTED_EDGE('',*,*,#710,.F.);
#915=ORIENTED_EDGE('',*,*,#711,.F.);
#916=ORIENTED_EDGE('',*,*,#712,.F.);
#917=ORIENTED_EDGE('',*,*,#713,.F.);
#918=ORIENTED_EDGE('',*,*,#714,.F.);
#919=ORIENTED_EDGE('',*,*,#715,.T.);
#920=ORIENTED_EDGE('',*,*,#716,.F.);
#921=ORIENTED_EDGE('',*,*,#717,.T.);
#922=ORIENTED_EDGE('',*,*,#718,.F.);
#923=ORIENTED_EDGE('',*,*,#719,.T.);
#924=ORIENTED_EDGE('',*,*,#720,.F.);
#925=ORIENTED_EDGE('',*,*,#721,.F.);
#926=ORIENTED_EDGE('',*,*,#722,.F.);
#927=ORIENTED_EDGE('',*,*,#723,.F.);
#928=ORIENTED_EDGE('',*,*,#724,.F.);
#929=ORIENTED_EDGE('',*,*,#725,.F.);
#930=ORIENTED_EDGE('',*,*,#726,.F.);
#931=ORIENTED_EDGE('',*,*,#727,.T.);
#932=ORIENTED_EDGE('',*,*,#728,.F.);
#933=ORIENTED_EDGE('',*,*,#729,.T.);
#934=ORIENTED_EDGE('',*,*,#730,.F.);
#935=ORIENTED_EDGE('',*,*,#731,.T.);
#936=ORIENTED_EDGE('',*,*,#732,.F.);
#937=ORIENTED_EDGE('',*,*,#733,.T.);
#938=ORIENTED_EDGE('',*,*,#734,.F.);
#939=ORIENTED_EDGE('',*,*,#735,.T.);
#940=ORIENTED_EDGE('',*,*,#736,.F.);
#941=ORIENTED_EDGE('',*,*,#737,.T.);
#942=ORIENTED_EDGE('',*,*,#738,.F.);
#943=ORIENTED_EDGE('',*,*,#739,.T.);
#944=ORIENTED_EDGE('',*,*,#740,.F.);
#945=ORIENTED_EDGE('',*,*,#741,.T.);
#946=ORIENTED_EDGE('',*,*,#742,.F.);
#947=ORIENTED_EDGE('',*,*,#743,.T.);
#948=ORIENTED_EDGE('',*,*,#744,.T.);
#949=ORIENTED_EDGE('',*,*,#745,.T.);
#950=ORIENTED_EDGE('',*,*,#746,.F.);
#951=ORIENTED_EDGE('',*,*,#747,.T.);
#952=ORIENTED_EDGE('',*,*,#748,.F.);
#953=ORIENTED_EDGE('',*,*,#749,.T.);
#954=ORIENTED_EDGE('',*,*,#750,.F.);
#955=ORIENTED_EDGE('',*,*,#751,.T.);
#956=ORIENTED_EDGE('',*,*,#752,.T.);
#957=ORIENTED_EDGE('',*,*,#753,.T.);
#958=ORIENTED_EDGE('',*,*,#754,.F.);
#959=ORIENTED_EDGE('',*,*,#755,.T.);
#960=ORIENTED_EDGE('',*,*,#756,.F.);
#961=ORIENTED_EDGE('',*,*,#757,.T.);
#962=ORIENTED_EDGE('',*,*,#758,.F.);
#963=ORIENTED_EDGE('',*,*,#759,.F.);
#964=ORIENTED_EDGE('',*,*,#760,.F.);
#965=ORIENTED_EDGE('',*,*,#759,.T.);
#966=ORIENTED_EDGE('',*,*,#761,.T.);
#967=ORIENTED_EDGE('',*,*,#762,.F.);
#968=ORIENTED_EDGE('',*,*,#761,.F.);
#969=ORIENTED_EDGE('',*,*,#760,.T.);
#970=ORIENTED_EDGE('',*,*,#763,.T.);
#971=ORIENTED_EDGE('',*,*,#764,.F.);
#972=ORIENTED_EDGE('',*,*,#763,.F.);
#973=ORIENTED_EDGE('',*,*,#701,.T.);
#974=ORIENTED_EDGE('',*,*,#765,.F.);
#975=ORIENTED_EDGE('',*,*,#766,.F.);
#976=ORIENTED_EDGE('',*,*,#767,.F.);
#977=ORIENTED_EDGE('',*,*,#768,.F.);
#978=ORIENTED_EDGE('',*,*,#769,.F.);
#979=ORIENTED_EDGE('',*,*,#724,.T.);
#980=ORIENTED_EDGE('',*,*,#770,.T.);
#981=ORIENTED_EDGE('',*,*,#771,.T.);
#982=ORIENTED_EDGE('',*,*,#765,.T.);
#983=ORIENTED_EDGE('',*,*,#723,.T.);
#984=ORIENTED_EDGE('',*,*,#772,.F.);
#985=ORIENTED_EDGE('',*,*,#773,.T.);
#986=ORIENTED_EDGE('',*,*,#770,.F.);
#987=ORIENTED_EDGE('',*,*,#722,.T.);
#988=ORIENTED_EDGE('',*,*,#774,.T.);
#989=ORIENTED_EDGE('',*,*,#775,.T.);
#990=ORIENTED_EDGE('',*,*,#772,.T.);
#991=ORIENTED_EDGE('',*,*,#721,.T.);
#992=ORIENTED_EDGE('',*,*,#776,.F.);
#993=ORIENTED_EDGE('',*,*,#777,.T.);
#994=ORIENTED_EDGE('',*,*,#778,.F.);
#995=ORIENTED_EDGE('',*,*,#779,.T.);
#996=ORIENTED_EDGE('',*,*,#774,.F.);
#997=ORIENTED_EDGE('',*,*,#780,.F.);
#998=ORIENTED_EDGE('',*,*,#781,.T.);
#999=ORIENTED_EDGE('',*,*,#782,.F.);
#1000=ORIENTED_EDGE('',*,*,#766,.T.);
#1001=ORIENTED_EDGE('',*,*,#771,.F.);
#1002=ORIENTED_EDGE('',*,*,#773,.F.);
#1003=ORIENTED_EDGE('',*,*,#775,.F.);
#1004=ORIENTED_EDGE('',*,*,#779,.F.);
#1005=ORIENTED_EDGE('',*,*,#764,.T.);
#1006=ORIENTED_EDGE('',*,*,#762,.T.);
#1007=ORIENTED_EDGE('',*,*,#782,.T.);
#1008=ORIENTED_EDGE('',*,*,#783,.T.);
#1009=ORIENTED_EDGE('',*,*,#784,.T.);
#1010=ORIENTED_EDGE('',*,*,#767,.T.);
#1011=ORIENTED_EDGE('',*,*,#768,.T.);
#1012=ORIENTED_EDGE('',*,*,#784,.F.);
#1013=ORIENTED_EDGE('',*,*,#785,.F.);
#1014=ORIENTED_EDGE('',*,*,#786,.F.);
#1015=ORIENTED_EDGE('',*,*,#777,.F.);
#1016=ORIENTED_EDGE('',*,*,#787,.F.);
#1017=ORIENTED_EDGE('',*,*,#788,.T.);
#1018=ORIENTED_EDGE('',*,*,#789,.F.);
#1019=ORIENTED_EDGE('',*,*,#790,.T.);
#1020=ORIENTED_EDGE('',*,*,#791,.F.);
#1021=ORIENTED_EDGE('',*,*,#792,.T.);
#1022=ORIENTED_EDGE('',*,*,#793,.F.);
#1023=ORIENTED_EDGE('',*,*,#794,.F.);
#1024=ORIENTED_EDGE('',*,*,#795,.F.);
#1025=ORIENTED_EDGE('',*,*,#796,.T.);
#1026=ORIENTED_EDGE('',*,*,#797,.F.);
#1027=ORIENTED_EDGE('',*,*,#798,.T.);
#1028=ORIENTED_EDGE('',*,*,#799,.F.);
#1029=ORIENTED_EDGE('',*,*,#800,.T.);
#1030=ORIENTED_EDGE('',*,*,#801,.F.);
#1031=ORIENTED_EDGE('',*,*,#802,.T.);
#1032=ORIENTED_EDGE('',*,*,#803,.F.);
#1033=ORIENTED_EDGE('',*,*,#804,.T.);
#1034=ORIENTED_EDGE('',*,*,#805,.F.);
#1035=ORIENTED_EDGE('',*,*,#806,.T.);
#1036=ORIENTED_EDGE('',*,*,#807,.F.);
#1037=ORIENTED_EDGE('',*,*,#808,.T.);
#1038=ORIENTED_EDGE('',*,*,#809,.F.);
#1039=ORIENTED_EDGE('',*,*,#810,.T.);
#1040=ORIENTED_EDGE('',*,*,#811,.F.);
#1041=ORIENTED_EDGE('',*,*,#812,.T.);
#1042=ORIENTED_EDGE('',*,*,#813,.F.);
#1043=ORIENTED_EDGE('',*,*,#814,.T.);
#1044=ORIENTED_EDGE('',*,*,#815,.F.);
#1045=ORIENTED_EDGE('',*,*,#816,.T.);
#1046=ORIENTED_EDGE('',*,*,#817,.F.);
#1047=ORIENTED_EDGE('',*,*,#818,.T.);
#1048=ORIENTED_EDGE('',*,*,#819,.F.);
#1049=ORIENTED_EDGE('',*,*,#820,.T.);
#1050=ORIENTED_EDGE('',*,*,#821,.F.);
#1051=ORIENTED_EDGE('',*,*,#822,.T.);
#1052=ORIENTED_EDGE('',*,*,#823,.T.);
#1053=ORIENTED_EDGE('',*,*,#824,.T.);
#1054=ORIENTED_EDGE('',*,*,#825,.F.);
#1055=ORIENTED_EDGE('',*,*,#826,.T.);
#1056=ORIENTED_EDGE('',*,*,#827,.F.);
#1057=ORIENTED_EDGE('',*,*,#828,.T.);
#1058=ORIENTED_EDGE('',*,*,#829,.F.);
#1059=ORIENTED_EDGE('',*,*,#830,.T.);
#1060=ORIENTED_EDGE('',*,*,#831,.T.);
#1061=ORIENTED_EDGE('',*,*,#832,.T.);
#1062=ORIENTED_EDGE('',*,*,#833,.F.);
#1063=ORIENTED_EDGE('',*,*,#834,.T.);
#1064=ORIENTED_EDGE('',*,*,#835,.F.);
#1065=ORIENTED_EDGE('',*,*,#836,.T.);
#1066=ORIENTED_EDGE('',*,*,#837,.F.);
#1067=ORIENTED_EDGE('',*,*,#805,.T.);
#1068=ORIENTED_EDGE('',*,*,#838,.T.);
#1069=ORIENTED_EDGE('',*,*,#702,.T.);
#1070=ORIENTED_EDGE('',*,*,#769,.T.);
#1071=ORIENTED_EDGE('',*,*,#787,.T.);
#1072=ORIENTED_EDGE('',*,*,#776,.T.);
#1073=ORIENTED_EDGE('',*,*,#720,.T.);
#1074=ORIENTED_EDGE('',*,*,#839,.T.);
#1075=ORIENTED_EDGE('',*,*,#780,.T.);
#1076=ORIENTED_EDGE('',*,*,#778,.T.);
#1077=ORIENTED_EDGE('',*,*,#786,.T.);
#1078=ORIENTED_EDGE('',*,*,#840,.T.);
#1079=ORIENTED_EDGE('',*,*,#841,.F.);
#1080=ORIENTED_EDGE('',*,*,#832,.F.);
#1081=ORIENTED_EDGE('',*,*,#842,.F.);
#1082=ORIENTED_EDGE('',*,*,#753,.F.);
#1083=ORIENTED_EDGE('',*,*,#837,.T.);
#1084=ORIENTED_EDGE('',*,*,#843,.T.);
#1085=ORIENTED_EDGE('',*,*,#754,.T.);
#1086=ORIENTED_EDGE('',*,*,#842,.T.);
#1087=ORIENTED_EDGE('',*,*,#844,.F.);
#1088=ORIENTED_EDGE('',*,*,#755,.F.);
#1089=ORIENTED_EDGE('',*,*,#843,.F.);
#1090=ORIENTED_EDGE('',*,*,#836,.F.);
#1091=ORIENTED_EDGE('',*,*,#835,.T.);
#1092=ORIENTED_EDGE('',*,*,#845,.T.);
#1093=ORIENTED_EDGE('',*,*,#756,.T.);
#1094=ORIENTED_EDGE('',*,*,#844,.T.);
#1095=ORIENTED_EDGE('',*,*,#846,.F.);
#1096=ORIENTED_EDGE('',*,*,#757,.F.);
#1097=ORIENTED_EDGE('',*,*,#845,.F.);
#1098=ORIENTED_EDGE('',*,*,#834,.F.);
#1099=ORIENTED_EDGE('',*,*,#833,.T.);
#1100=ORIENTED_EDGE('',*,*,#841,.T.);
#1101=ORIENTED_EDGE('',*,*,#758,.T.);
#1102=ORIENTED_EDGE('',*,*,#846,.T.);
#1103=ORIENTED_EDGE('',*,*,#831,.F.);
#1104=ORIENTED_EDGE('',*,*,#847,.T.);
#1105=ORIENTED_EDGE('',*,*,#752,.F.);
#1106=ORIENTED_EDGE('',*,*,#847,.F.);
#1107=ORIENTED_EDGE('',*,*,#830,.F.);
#1108=ORIENTED_EDGE('',*,*,#848,.T.);
#1109=ORIENTED_EDGE('',*,*,#751,.F.);
#1110=ORIENTED_EDGE('',*,*,#848,.F.);
#1111=ORIENTED_EDGE('',*,*,#849,.F.);
#1112=ORIENTED_EDGE('',*,*,#745,.F.);
#1113=ORIENTED_EDGE('',*,*,#850,.F.);
#1114=ORIENTED_EDGE('',*,*,#824,.F.);
#1115=ORIENTED_EDGE('',*,*,#829,.T.);
#1116=ORIENTED_EDGE('',*,*,#851,.T.);
#1117=ORIENTED_EDGE('',*,*,#746,.T.);
#1118=ORIENTED_EDGE('',*,*,#849,.T.);
#1119=ORIENTED_EDGE('',*,*,#852,.F.);
#1120=ORIENTED_EDGE('',*,*,#747,.F.);
#1121=ORIENTED_EDGE('',*,*,#851,.F.);
#1122=ORIENTED_EDGE('',*,*,#828,.F.);
#1123=ORIENTED_EDGE('',*,*,#827,.T.);
#1124=ORIENTED_EDGE('',*,*,#853,.T.);
#1125=ORIENTED_EDGE('',*,*,#748,.T.);
#1126=ORIENTED_EDGE('',*,*,#852,.T.);
#1127=ORIENTED_EDGE('',*,*,#853,.F.);
#1128=ORIENTED_EDGE('',*,*,#826,.F.);
#1129=ORIENTED_EDGE('',*,*,#854,.F.);
#1130=ORIENTED_EDGE('',*,*,#749,.F.);
#1131=ORIENTED_EDGE('',*,*,#825,.T.);
#1132=ORIENTED_EDGE('',*,*,#850,.T.);
#1133=ORIENTED_EDGE('',*,*,#750,.T.);
#1134=ORIENTED_EDGE('',*,*,#854,.T.);
#1135=ORIENTED_EDGE('',*,*,#823,.F.);
#1136=ORIENTED_EDGE('',*,*,#855,.T.);
#1137=ORIENTED_EDGE('',*,*,#744,.F.);
#1138=ORIENTED_EDGE('',*,*,#855,.F.);
#1139=ORIENTED_EDGE('',*,*,#822,.F.);
#1140=ORIENTED_EDGE('',*,*,#856,.T.);
#1141=ORIENTED_EDGE('',*,*,#743,.F.);
#1142=ORIENTED_EDGE('',*,*,#856,.F.);
#1143=ORIENTED_EDGE('',*,*,#799,.T.);
#1144=ORIENTED_EDGE('',*,*,#857,.T.);
#1145=ORIENTED_EDGE('',*,*,#708,.T.);
#1146=ORIENTED_EDGE('',*,*,#858,.T.);
#1147=ORIENTED_EDGE('',*,*,#709,.F.);
#1148=ORIENTED_EDGE('',*,*,#857,.F.);
#1149=ORIENTED_EDGE('',*,*,#798,.F.);
#1150=ORIENTED_EDGE('',*,*,#859,.F.);
#1151=ORIENTED_EDGE('',*,*,#860,.F.);
#1152=ORIENTED_EDGE('',*,*,#861,.F.);
#1153=ORIENTED_EDGE('',*,*,#713,.T.);
#1154=ORIENTED_EDGE('',*,*,#862,.F.);
#1155=ORIENTED_EDGE('',*,*,#863,.T.);
#1156=ORIENTED_EDGE('',*,*,#864,.F.);
#1157=ORIENTED_EDGE('',*,*,#794,.T.);
#1158=ORIENTED_EDGE('',*,*,#865,.F.);
#1159=ORIENTED_EDGE('',*,*,#793,.T.);
#1160=ORIENTED_EDGE('',*,*,#866,.T.);
#1161=ORIENTED_EDGE('',*,*,#714,.T.);
#1162=ORIENTED_EDGE('',*,*,#865,.T.);
#1163=ORIENTED_EDGE('',*,*,#866,.F.);
#1164=ORIENTED_EDGE('',*,*,#792,.F.);
#1165=ORIENTED_EDGE('',*,*,#867,.F.);
#1166=ORIENTED_EDGE('',*,*,#715,.F.);
#1167=ORIENTED_EDGE('',*,*,#791,.T.);
#1168=ORIENTED_EDGE('',*,*,#868,.T.);
#1169=ORIENTED_EDGE('',*,*,#716,.T.);
#1170=ORIENTED_EDGE('',*,*,#867,.T.);
#1171=ORIENTED_EDGE('',*,*,#869,.F.);
#1172=ORIENTED_EDGE('',*,*,#717,.F.);
#1173=ORIENTED_EDGE('',*,*,#868,.F.);
#1174=ORIENTED_EDGE('',*,*,#790,.F.);
#1175=ORIENTED_EDGE('',*,*,#789,.T.);
#1176=ORIENTED_EDGE('',*,*,#870,.T.);
#1177=ORIENTED_EDGE('',*,*,#718,.T.);
#1178=ORIENTED_EDGE('',*,*,#869,.T.);
#1179=ORIENTED_EDGE('',*,*,#870,.F.);
#1180=ORIENTED_EDGE('',*,*,#788,.F.);
#1181=ORIENTED_EDGE('',*,*,#839,.F.);
#1182=ORIENTED_EDGE('',*,*,#719,.F.);
#1183=ORIENTED_EDGE('',*,*,#838,.F.);
#1184=ORIENTED_EDGE('',*,*,#804,.F.);
#1185=ORIENTED_EDGE('',*,*,#871,.F.);
#1186=ORIENTED_EDGE('',*,*,#703,.F.);
#1187=ORIENTED_EDGE('',*,*,#803,.T.);
#1188=ORIENTED_EDGE('',*,*,#872,.T.);
#1189=ORIENTED_EDGE('',*,*,#704,.T.);
#1190=ORIENTED_EDGE('',*,*,#871,.T.);
#1191=ORIENTED_EDGE('',*,*,#872,.F.);
#1192=ORIENTED_EDGE('',*,*,#802,.F.);
#1193=ORIENTED_EDGE('',*,*,#873,.F.);
#1194=ORIENTED_EDGE('',*,*,#705,.F.);
#1195=ORIENTED_EDGE('',*,*,#801,.T.);
#1196=ORIENTED_EDGE('',*,*,#874,.T.);
#1197=ORIENTED_EDGE('',*,*,#706,.T.);
#1198=ORIENTED_EDGE('',*,*,#873,.T.);
#1199=ORIENTED_EDGE('',*,*,#858,.F.);
#1200=ORIENTED_EDGE('',*,*,#707,.F.);
#1201=ORIENTED_EDGE('',*,*,#874,.F.);
#1202=ORIENTED_EDGE('',*,*,#800,.F.);
#1203=ORIENTED_EDGE('',*,*,#875,.F.);
#1204=ORIENTED_EDGE('',*,*,#727,.F.);
#1205=ORIENTED_EDGE('',*,*,#876,.F.);
#1206=ORIENTED_EDGE('',*,*,#806,.F.);
#1207=ORIENTED_EDGE('',*,*,#728,.T.);
#1208=ORIENTED_EDGE('',*,*,#875,.T.);
#1209=ORIENTED_EDGE('',*,*,#821,.T.);
#1210=ORIENTED_EDGE('',*,*,#877,.T.);
#1211=ORIENTED_EDGE('',*,*,#878,.F.);
#1212=ORIENTED_EDGE('',*,*,#729,.F.);
#1213=ORIENTED_EDGE('',*,*,#877,.F.);
#1214=ORIENTED_EDGE('',*,*,#820,.F.);
#1215=ORIENTED_EDGE('',*,*,#730,.T.);
#1216=ORIENTED_EDGE('',*,*,#878,.T.);
#1217=ORIENTED_EDGE('',*,*,#819,.T.);
#1218=ORIENTED_EDGE('',*,*,#879,.T.);
#1219=ORIENTED_EDGE('',*,*,#880,.F.);
#1220=ORIENTED_EDGE('',*,*,#731,.F.);
#1221=ORIENTED_EDGE('',*,*,#879,.F.);
#1222=ORIENTED_EDGE('',*,*,#818,.F.);
#1223=ORIENTED_EDGE('',*,*,#732,.T.);
#1224=ORIENTED_EDGE('',*,*,#880,.T.);
#1225=ORIENTED_EDGE('',*,*,#817,.T.);
#1226=ORIENTED_EDGE('',*,*,#881,.T.);
#1227=ORIENTED_EDGE('',*,*,#881,.F.);
#1228=ORIENTED_EDGE('',*,*,#816,.F.);
#1229=ORIENTED_EDGE('',*,*,#882,.F.);
#1230=ORIENTED_EDGE('',*,*,#733,.F.);
#1231=ORIENTED_EDGE('',*,*,#815,.T.);
#1232=ORIENTED_EDGE('',*,*,#883,.T.);
#1233=ORIENTED_EDGE('',*,*,#734,.T.);
#1234=ORIENTED_EDGE('',*,*,#882,.T.);
#1235=ORIENTED_EDGE('',*,*,#884,.F.);
#1236=ORIENTED_EDGE('',*,*,#735,.F.);
#1237=ORIENTED_EDGE('',*,*,#883,.F.);
#1238=ORIENTED_EDGE('',*,*,#814,.F.);
#1239=ORIENTED_EDGE('',*,*,#736,.T.);
#1240=ORIENTED_EDGE('',*,*,#884,.T.);
#1241=ORIENTED_EDGE('',*,*,#813,.T.);
#1242=ORIENTED_EDGE('',*,*,#885,.T.);
#1243=ORIENTED_EDGE('',*,*,#886,.F.);
#1244=ORIENTED_EDGE('',*,*,#737,.F.);
#1245=ORIENTED_EDGE('',*,*,#885,.F.);
#1246=ORIENTED_EDGE('',*,*,#812,.F.);
#1247=ORIENTED_EDGE('',*,*,#738,.T.);
#1248=ORIENTED_EDGE('',*,*,#886,.T.);
#1249=ORIENTED_EDGE('',*,*,#811,.T.);
#1250=ORIENTED_EDGE('',*,*,#887,.T.);
#1251=ORIENTED_EDGE('',*,*,#888,.F.);
#1252=ORIENTED_EDGE('',*,*,#739,.F.);
#1253=ORIENTED_EDGE('',*,*,#887,.F.);
#1254=ORIENTED_EDGE('',*,*,#810,.F.);
#1255=ORIENTED_EDGE('',*,*,#740,.T.);
#1256=ORIENTED_EDGE('',*,*,#888,.T.);
#1257=ORIENTED_EDGE('',*,*,#809,.T.);
#1258=ORIENTED_EDGE('',*,*,#889,.T.);
#1259=ORIENTED_EDGE('',*,*,#889,.F.);
#1260=ORIENTED_EDGE('',*,*,#808,.F.);
#1261=ORIENTED_EDGE('',*,*,#890,.F.);
#1262=ORIENTED_EDGE('',*,*,#741,.F.);
#1263=ORIENTED_EDGE('',*,*,#742,.T.);
#1264=ORIENTED_EDGE('',*,*,#890,.T.);
#1265=ORIENTED_EDGE('',*,*,#807,.T.);
#1266=ORIENTED_EDGE('',*,*,#876,.T.);
#1267=ORIENTED_EDGE('',*,*,#840,.F.);
#1268=ORIENTED_EDGE('',*,*,#785,.T.);
#1269=ORIENTED_EDGE('',*,*,#783,.F.);
#1270=ORIENTED_EDGE('',*,*,#781,.F.);
#1271=ORIENTED_EDGE('',*,*,#891,.T.);
#1272=ORIENTED_EDGE('',*,*,#892,.T.);
#1273=ORIENTED_EDGE('',*,*,#795,.T.);
#1274=ORIENTED_EDGE('',*,*,#864,.T.);
#1275=ORIENTED_EDGE('',*,*,#893,.F.);
#1276=ORIENTED_EDGE('',*,*,#796,.F.);
#1277=ORIENTED_EDGE('',*,*,#892,.F.);
#1278=ORIENTED_EDGE('',*,*,#894,.T.);
#1279=ORIENTED_EDGE('',*,*,#895,.T.);
#1280=ORIENTED_EDGE('',*,*,#859,.T.);
#1281=ORIENTED_EDGE('',*,*,#797,.T.);
#1282=ORIENTED_EDGE('',*,*,#893,.T.);
#1283=ORIENTED_EDGE('',*,*,#895,.F.);
#1284=ORIENTED_EDGE('',*,*,#894,.F.);
#1285=ORIENTED_EDGE('',*,*,#891,.F.);
#1286=ORIENTED_EDGE('',*,*,#863,.F.);
#1287=ORIENTED_EDGE('',*,*,#896,.F.);
#1288=ORIENTED_EDGE('',*,*,#897,.T.);
#1289=ORIENTED_EDGE('',*,*,#898,.F.);
#1290=ORIENTED_EDGE('',*,*,#860,.T.);
#1291=ORIENTED_EDGE('',*,*,#899,.T.);
#1292=ORIENTED_EDGE('',*,*,#900,.T.);
#1293=ORIENTED_EDGE('',*,*,#710,.T.);
#1294=ORIENTED_EDGE('',*,*,#861,.T.);
#1295=ORIENTED_EDGE('',*,*,#898,.T.);
#1296=ORIENTED_EDGE('',*,*,#901,.T.);
#1297=ORIENTED_EDGE('',*,*,#712,.T.);
#1298=ORIENTED_EDGE('',*,*,#902,.T.);
#1299=ORIENTED_EDGE('',*,*,#896,.T.);
#1300=ORIENTED_EDGE('',*,*,#862,.T.);
#1301=ORIENTED_EDGE('',*,*,#711,.T.);
#1302=ORIENTED_EDGE('',*,*,#901,.F.);
#1303=ORIENTED_EDGE('',*,*,#897,.F.);
#1304=ORIENTED_EDGE('',*,*,#902,.F.);
#1305=ORIENTED_EDGE('',*,*,#726,.T.);
#1306=ORIENTED_EDGE('',*,*,#903,.T.);
#1307=ORIENTED_EDGE('',*,*,#899,.F.);
#1308=ORIENTED_EDGE('',*,*,#903,.F.);
#1309=ORIENTED_EDGE('',*,*,#725,.T.);
#1310=ORIENTED_EDGE('',*,*,#904,.T.);
#1311=ORIENTED_EDGE('',*,*,#900,.F.);
#1312=ORIENTED_EDGE('',*,*,#904,.F.);
#1313=PLANE('',#1434);
#1314=PLANE('',#1477);
#1315=PLANE('',#1480);
#1316=PLANE('',#1483);
#1317=PLANE('',#1484);
#1318=PLANE('',#1489);
#1319=PLANE('',#1526);
#1320=PLANE('',#1528);
#1321=PLANE('',#1530);
#1322=PLANE('',#1534);
#1323=PLANE('',#1536);
#1324=PLANE('',#1538);
#1325=PLANE('',#1543);
#1326=PLANE('',#1544);
#1327=PLANE('',#1546);
#1328=PLANE('',#1548);
#1329=PLANE('',#1550);
#1330=PLANE('',#1551);
#1331=PLANE('',#1553);
#1332=PLANE('',#1555);
#1333=PLANE('',#1558);
#1334=PLANE('',#1562);
#1335=PLANE('',#1566);
#1336=PLANE('',#1570);
#1337=PLANE('',#1572);
#1338=PLANE('',#1575);
#1339=PLANE('',#1578);
#1340=PLANE('',#1585);
#1341=ADVANCED_FACE('',(#79,#57,#58,#59,#60,#61,#62,#63,#64,#65,#66,#67),
#1313,.F.);
#1342=ADVANCED_FACE('',(#80),#15,.F.);
#1343=ADVANCED_FACE('',(#81),#16,.F.);
#1344=ADVANCED_FACE('',(#82),#1314,.T.);
#1345=ADVANCED_FACE('',(#83),#17,.T.);
#1346=ADVANCED_FACE('',(#84),#1315,.T.);
#1347=ADVANCED_FACE('',(#85),#18,.T.);
#1348=ADVANCED_FACE('',(#86),#1316,.T.);
#1349=ADVANCED_FACE('',(#87,#68,#69),#1317,.T.);
#1350=ADVANCED_FACE('',(#88),#19,.T.);
#1351=ADVANCED_FACE('',(#89,#70,#71,#72,#73,#74,#75,#76),#1318,.T.);
#1352=ADVANCED_FACE('',(#90),#20,.T.);
#1353=ADVANCED_FACE('',(#91),#21,.T.);
#1354=ADVANCED_FACE('',(#92),#22,.T.);
#1355=ADVANCED_FACE('',(#93),#1319,.F.);
#1356=ADVANCED_FACE('',(#94),#23,.F.);
#1357=ADVANCED_FACE('',(#95),#1320,.F.);
#1358=ADVANCED_FACE('',(#96),#24,.F.);
#1359=ADVANCED_FACE('',(#97),#1321,.F.);
#1360=ADVANCED_FACE('',(#98),#25,.F.);
#1361=ADVANCED_FACE('',(#99),#26,.F.);
#1362=ADVANCED_FACE('',(#100),#27,.F.);
#1363=ADVANCED_FACE('',(#101),#1322,.F.);
#1364=ADVANCED_FACE('',(#102),#28,.F.);
#1365=ADVANCED_FACE('',(#103),#1323,.F.);
#1366=ADVANCED_FACE('',(#104),#29,.F.);
#1367=ADVANCED_FACE('',(#105),#1324,.F.);
#1368=ADVANCED_FACE('',(#106),#30,.F.);
#1369=ADVANCED_FACE('',(#107),#31,.F.);
#1370=ADVANCED_FACE('',(#108),#32,.F.);
#1371=ADVANCED_FACE('',(#109),#33,.T.);
#1372=ADVANCED_FACE('',(#110),#1325,.T.);
#1373=ADVANCED_FACE('',(#111),#1326,.T.);
#1374=ADVANCED_FACE('',(#112),#34,.T.);
#1375=ADVANCED_FACE('',(#113),#1327,.F.);
#1376=ADVANCED_FACE('',(#114),#35,.F.);
#1377=ADVANCED_FACE('',(#115),#1328,.F.);
#1378=ADVANCED_FACE('',(#116),#36,.F.);
#1379=ADVANCED_FACE('',(#117),#1329,.F.);
#1380=ADVANCED_FACE('',(#118),#1330,.F.);
#1381=ADVANCED_FACE('',(#119),#37,.F.);
#1382=ADVANCED_FACE('',(#120),#1331,.F.);
#1383=ADVANCED_FACE('',(#121),#38,.F.);
#1384=ADVANCED_FACE('',(#122),#1332,.F.);
#1385=ADVANCED_FACE('',(#123),#39,.T.);
#1386=ADVANCED_FACE('',(#124),#40,.F.);
#1387=ADVANCED_FACE('',(#125),#1333,.F.);
#1388=ADVANCED_FACE('',(#126),#41,.F.);
#1389=ADVANCED_FACE('',(#127),#42,.T.);
#1390=ADVANCED_FACE('',(#128),#43,.F.);
#1391=ADVANCED_FACE('',(#129),#1334,.F.);
#1392=ADVANCED_FACE('',(#130),#44,.F.);
#1393=ADVANCED_FACE('',(#131),#45,.T.);
#1394=ADVANCED_FACE('',(#132),#46,.F.);
#1395=ADVANCED_FACE('',(#133),#1335,.F.);
#1396=ADVANCED_FACE('',(#134),#47,.F.);
#1397=ADVANCED_FACE('',(#135),#48,.T.);
#1398=ADVANCED_FACE('',(#136),#49,.F.);
#1399=ADVANCED_FACE('',(#137),#1336,.F.);
#1400=ADVANCED_FACE('',(#138),#50,.F.);
#1401=ADVANCED_FACE('',(#139),#1337,.T.);
#1402=ADVANCED_FACE('',(#140),#51,.T.);
#1403=ADVANCED_FACE('',(#141),#1338,.T.);
#1404=ADVANCED_FACE('',(#142),#52,.T.);
#1405=ADVANCED_FACE('',(#143,#77,#78),#1339,.T.);
#1406=ADVANCED_FACE('',(#144),#53,.T.);
#1407=ADVANCED_FACE('',(#145),#54,.T.);
#1408=ADVANCED_FACE('',(#146),#1340,.T.);
#1409=ADVANCED_FACE('',(#147),#55,.F.);
#1410=ADVANCED_FACE('',(#148),#56,.F.);
#1411=CLOSED_SHELL('',(#1341,#1342,#1343,#1344,#1345,#1346,#1347,#1348,
#1349,#1350,#1351,#1352,#1353,#1354,#1355,#1356,#1357,#1358,#1359,#1360,
#1361,#1362,#1363,#1364,#1365,#1366,#1367,#1368,#1369,#1370,#1371,#1372,
#1373,#1374,#1375,#1376,#1377,#1378,#1379,#1380,#1381,#1382,#1383,#1384,
#1385,#1386,#1387,#1388,#1389,#1390,#1391,#1392,#1393,#1394,#1395,#1396,
#1397,#1398,#1399,#1400,#1401,#1402,#1403,#1404,#1405,#1406,#1407,#1408,
#1409,#1410));
#1412=DERIVED_UNIT_ELEMENT(#1415,1.);
#1413=DERIVED_UNIT_ELEMENT(#2434,-3.);
#1414=DIMENSIONAL_EXPONENTS(0.,1.,0.,0.,0.,0.,0.);
#1415=(
CONVERSION_BASED_UNIT('gram',#1417)
MASS_UNIT()
NAMED_UNIT(#1414)
);
#1416=(
MASS_UNIT()
NAMED_UNIT(*)
SI_UNIT(.KILO.,.GRAM.)
);
#1417=MASS_MEASURE_WITH_UNIT(MASS_MEASURE(0.001),#1416);
#1418=DERIVED_UNIT((#1412,#1413));
#1419=MEASURE_REPRESENTATION_ITEM('density measure',
POSITIVE_RATIO_MEASURE(1.),#1418);
#1420=PROPERTY_DEFINITION_REPRESENTATION(#1425,#1422);
#1421=PROPERTY_DEFINITION_REPRESENTATION(#1426,#1423);
#1422=REPRESENTATION('material name',(#1424),#2431);
#1423=REPRESENTATION('density',(#1419),#2431);
#1424=DESCRIPTIVE_REPRESENTATION_ITEM('Generic','Generic');
#1425=PROPERTY_DEFINITION('material property','material name',#2441);
#1426=PROPERTY_DEFINITION('material property','density of part',#2441);
#1427=DATE_TIME_ROLE('creation_date');
#1428=APPLIED_DATE_AND_TIME_ASSIGNMENT(#1429,#1427,(#2441));
#1429=DATE_AND_TIME(#1430,#1431);
#1430=CALENDAR_DATE(2025,15,11);
#1431=LOCAL_TIME(0,0,0.,#1432);
#1432=COORDINATED_UNIVERSAL_TIME_OFFSET(0,0,.BEHIND.);
#1433=AXIS2_PLACEMENT_3D('',#2018,#1588,#1589);
#1434=AXIS2_PLACEMENT_3D('',#2019,#1590,#1591);
#1435=AXIS2_PLACEMENT_3D('',#2024,#1593,#1594);
#1436=AXIS2_PLACEMENT_3D('',#2028,#1596,#1597);
#1437=AXIS2_PLACEMENT_3D('',#2032,#1599,#1600);
#1438=AXIS2_PLACEMENT_3D('',#2036,#1602,#1603);
#1439=AXIS2_PLACEMENT_3D('',#2040,#1605,#1606);
#1440=AXIS2_PLACEMENT_3D('',#2044,#1608,#1609);
#1441=AXIS2_PLACEMENT_3D('',#2048,#1611,#1612);
#1442=AXIS2_PLACEMENT_3D('',#2052,#1614,#1615);
#1443=AXIS2_PLACEMENT_3D('',#2056,#1617,#1618);
#1444=AXIS2_PLACEMENT_3D('',#2060,#1620,#1621);
#1445=AXIS2_PLACEMENT_3D('',#2064,#1623,#1624);
#1446=AXIS2_PLACEMENT_3D('',#2067,#1626,#1627);
#1447=AXIS2_PLACEMENT_3D('',#2069,#1628,#1629);
#1448=AXIS2_PLACEMENT_3D('',#2071,#1630,#1631);
#1449=AXIS2_PLACEMENT_3D('',#2074,#1632,#1633);
#1450=AXIS2_PLACEMENT_3D('',#2076,#1634,#1635);
#1451=AXIS2_PLACEMENT_3D('',#2080,#1637,#1638);
#1452=AXIS2_PLACEMENT_3D('',#2082,#1639,#1640);
#1453=AXIS2_PLACEMENT_3D('',#2084,#1641,#1642);
#1454=AXIS2_PLACEMENT_3D('',#2088,#1644,#1645);
#1455=AXIS2_PLACEMENT_3D('',#2090,#1646,#1647);
#1456=AXIS2_PLACEMENT_3D('',#2092,#1648,#1649);
#1457=AXIS2_PLACEMENT_3D('',#2096,#1651,#1652);
#1458=AXIS2_PLACEMENT_3D('',#2098,#1653,#1654);
#1459=AXIS2_PLACEMENT_3D('',#2100,#1655,#1656);
#1460=AXIS2_PLACEMENT_3D('',#2103,#1658,#1659);
#1461=AXIS2_PLACEMENT_3D('',#2105,#1660,#1661);
#1462=AXIS2_PLACEMENT_3D('',#2107,#1662,#1663);
#1463=AXIS2_PLACEMENT_3D('',#2112,#1665,#1666);
#1464=AXIS2_PLACEMENT_3D('',#2116,#1668,#1669);
#1465=AXIS2_PLACEMENT_3D('',#2119,#1671,#1672);
#1466=AXIS2_PLACEMENT_3D('',#2121,#1673,#1674);
#1467=AXIS2_PLACEMENT_3D('',#2123,#1675,#1676);
#1468=AXIS2_PLACEMENT_3D('',#2128,#1678,#1679);
#1469=AXIS2_PLACEMENT_3D('',#2132,#1681,#1682);
#1470=AXIS2_PLACEMENT_3D('',#2135,#1684,#1685);
#1471=AXIS2_PLACEMENT_3D('',#2137,#1686,#1687);
#1472=AXIS2_PLACEMENT_3D('',#2139,#1688,#1689);
#1473=AXIS2_PLACEMENT_3D('',#2140,#1690,#1691);
#1474=AXIS2_PLACEMENT_3D('',#2143,#1693,#1694);
#1475=AXIS2_PLACEMENT_3D('',#2144,#1695,#1696);
#1476=AXIS2_PLACEMENT_3D('',#2147,#1698,#1699);
#1477=AXIS2_PLACEMENT_3D('',#2148,#1700,#1701);
#1478=AXIS2_PLACEMENT_3D('',#2158,#1707,#1708);
#1479=AXIS2_PLACEMENT_3D('',#2161,#1710,#1711);
#1480=AXIS2_PLACEMENT_3D('',#2162,#1712,#1713);
#1481=AXIS2_PLACEMENT_3D('',#2166,#1716,#1717);
#1482=AXIS2_PLACEMENT_3D('',#2169,#1719,#1720);
#1483=AXIS2_PLACEMENT_3D('',#2170,#1721,#1722);
#1484=AXIS2_PLACEMENT_3D('',#2178,#1727,#1728);
#1485=AXIS2_PLACEMENT_3D('',#2180,#1729,#1730);
#1486=AXIS2_PLACEMENT_3D('',#2183,#1732,#1733);
#1487=AXIS2_PLACEMENT_3D('',#2184,#1734,#1735);
#1488=AXIS2_PLACEMENT_3D('',#2187,#1737,#1738);
#1489=AXIS2_PLACEMENT_3D('',#2188,#1739,#1740);
#1490=AXIS2_PLACEMENT_3D('',#2191,#1742,#1743);
#1491=AXIS2_PLACEMENT_3D('',#2193,#1744,#1745);
#1492=AXIS2_PLACEMENT_3D('',#2197,#1747,#1748);
#1493=AXIS2_PLACEMENT_3D('',#2201,#1750,#1751);
#1494=AXIS2_PLACEMENT_3D('',#2205,#1753,#1754);
#1495=AXIS2_PLACEMENT_3D('',#2209,#1756,#1757);
#1496=AXIS2_PLACEMENT_3D('',#2213,#1759,#1760);
#1497=AXIS2_PLACEMENT_3D('',#2217,#1762,#1763);
#1498=AXIS2_PLACEMENT_3D('',#2221,#1765,#1766);
#1499=AXIS2_PLACEMENT_3D('',#2225,#1768,#1769);
#1500=AXIS2_PLACEMENT_3D('',#2228,#1771,#1772);
#1501=AXIS2_PLACEMENT_3D('',#2231,#1773,#1774);
#1502=AXIS2_PLACEMENT_3D('',#2233,#1775,#1776);
#1503=AXIS2_PLACEMENT_3D('',#2237,#1778,#1779);
#1504=AXIS2_PLACEMENT_3D('',#2239,#1780,#1781);
#1505=AXIS2_PLACEMENT_3D('',#2241,#1782,#1783);
#1506=AXIS2_PLACEMENT_3D('',#2245,#1785,#1786);
#1507=AXIS2_PLACEMENT_3D('',#2247,#1787,#1788);
#1508=AXIS2_PLACEMENT_3D('',#2249,#1789,#1790);
#1509=AXIS2_PLACEMENT_3D('',#2253,#1792,#1793);
#1510=AXIS2_PLACEMENT_3D('',#2255,#1794,#1795);
#1511=AXIS2_PLACEMENT_3D('',#2257,#1796,#1797);
#1512=AXIS2_PLACEMENT_3D('',#2260,#1799,#1800);
#1513=AXIS2_PLACEMENT_3D('',#2262,#1801,#1802);
#1514=AXIS2_PLACEMENT_3D('',#2264,#1803,#1804);
#1515=AXIS2_PLACEMENT_3D('',#2269,#1806,#1807);
#1516=AXIS2_PLACEMENT_3D('',#2273,#1809,#1810);
#1517=AXIS2_PLACEMENT_3D('',#2276,#1812,#1813);
#1518=AXIS2_PLACEMENT_3D('',#2278,#1814,#1815);
#1519=AXIS2_PLACEMENT_3D('',#2280,#1816,#1817);
#1520=AXIS2_PLACEMENT_3D('',#2285,#1819,#1820);
#1521=AXIS2_PLACEMENT_3D('',#2289,#1822,#1823);
#1522=AXIS2_PLACEMENT_3D('',#2292,#1825,#1826);
#1523=AXIS2_PLACEMENT_3D('',#2293,#1827,#1828);
#1524=AXIS2_PLACEMENT_3D('',#2295,#1830,#1831);
#1525=AXIS2_PLACEMENT_3D('',#2297,#1833,#1834);
#1526=AXIS2_PLACEMENT_3D('',#2299,#1836,#1837);
#1527=AXIS2_PLACEMENT_3D('',#2302,#1840,#1841);
#1528=AXIS2_PLACEMENT_3D('',#2304,#1843,#1844);
#1529=AXIS2_PLACEMENT_3D('',#2306,#1846,#1847);
#1530=AXIS2_PLACEMENT_3D('',#2308,#1849,#1850);
#1531=AXIS2_PLACEMENT_3D('',#2310,#1852,#1853);
#1532=AXIS2_PLACEMENT_3D('',#2311,#1854,#1855);
#1533=AXIS2_PLACEMENT_3D('',#2313,#1857,#1858);
#1534=AXIS2_PLACEMENT_3D('',#2315,#1860,#1861);
#1535=AXIS2_PLACEMENT_3D('',#2318,#1864,#1865);
#1536=AXIS2_PLACEMENT_3D('',#2320,#1867,#1868);
#1537=AXIS2_PLACEMENT_3D('',#2322,#1870,#1871);
#1538=AXIS2_PLACEMENT_3D('',#2324,#1873,#1874);
#1539=AXIS2_PLACEMENT_3D('',#2326,#1876,#1877);
#1540=AXIS2_PLACEMENT_3D('',#2327,#1878,#1879);
#1541=AXIS2_PLACEMENT_3D('',#2329,#1881,#1882);
#1542=AXIS2_PLACEMENT_3D('',#2331,#1884,#1885);
#1543=AXIS2_PLACEMENT_3D('',#2334,#1888,#1889);
#1544=AXIS2_PLACEMENT_3D('',#2340,#1893,#1894);
#1545=AXIS2_PLACEMENT_3D('',#2347,#1899,#1900);
#1546=AXIS2_PLACEMENT_3D('',#2349,#1902,#1903);
#1547=AXIS2_PLACEMENT_3D('',#2351,#1905,#1906);
#1548=AXIS2_PLACEMENT_3D('',#2353,#1908,#1909);
#1549=AXIS2_PLACEMENT_3D('',#2355,#1911,#1912);
#1550=AXIS2_PLACEMENT_3D('',#2357,#1914,#1915);
#1551=AXIS2_PLACEMENT_3D('',#2358,#1916,#1917);
#1552=AXIS2_PLACEMENT_3D('',#2360,#1919,#1920);
#1553=AXIS2_PLACEMENT_3D('',#2362,#1922,#1923);
#1554=AXIS2_PLACEMENT_3D('',#2364,#1925,#1926);
#1555=AXIS2_PLACEMENT_3D('',#2366,#1928,#1929);
#1556=AXIS2_PLACEMENT_3D('',#2367,#1930,#1931);
#1557=AXIS2_PLACEMENT_3D('',#2370,#1934,#1935);
#1558=AXIS2_PLACEMENT_3D('',#2372,#1937,#1938);
#1559=AXIS2_PLACEMENT_3D('',#2374,#1940,#1941);
#1560=AXIS2_PLACEMENT_3D('',#2376,#1943,#1944);
#1561=AXIS2_PLACEMENT_3D('',#2378,#1946,#1947);
#1562=AXIS2_PLACEMENT_3D('',#2380,#1949,#1950);
#1563=AXIS2_PLACEMENT_3D('',#2382,#1952,#1953);
#1564=AXIS2_PLACEMENT_3D('',#2384,#1955,#1956);
#1565=AXIS2_PLACEMENT_3D('',#2386,#1958,#1959);
#1566=AXIS2_PLACEMENT_3D('',#2388,#1961,#1962);
#1567=AXIS2_PLACEMENT_3D('',#2390,#1964,#1965);
#1568=AXIS2_PLACEMENT_3D('',#2392,#1967,#1968);
#1569=AXIS2_PLACEMENT_3D('',#2394,#1970,#1971);
#1570=AXIS2_PLACEMENT_3D('',#2396,#1973,#1974);
#1571=AXIS2_PLACEMENT_3D('',#2398,#1976,#1977);
#1572=AXIS2_PLACEMENT_3D('',#2399,#1978,#1979);
#1573=AXIS2_PLACEMENT_3D('',#2400,#1980,#1981);
#1574=AXIS2_PLACEMENT_3D('',#2402,#1982,#1983);
#1575=AXIS2_PLACEMENT_3D('',#2404,#1985,#1986);
#1576=AXIS2_PLACEMENT_3D('',#2408,#1989,#1990);
#1577=AXIS2_PLACEMENT_3D('',#2409,#1991,#1992);
#1578=AXIS2_PLACEMENT_3D('',#2410,#1993,#1994);
#1579=AXIS2_PLACEMENT_3D('',#2412,#1995,#1996);
#1580=AXIS2_PLACEMENT_3D('',#2415,#1998,#1999);
#1581=AXIS2_PLACEMENT_3D('',#2417,#2000,#2001);
#1582=AXIS2_PLACEMENT_3D('',#2419,#2002,#2003);
#1583=AXIS2_PLACEMENT_3D('',#2420,#2004,#2005);
#1584=AXIS2_PLACEMENT_3D('',#2422,#2007,#2008);
#1585=AXIS2_PLACEMENT_3D('',#2424,#2010,#2011);
#1586=AXIS2_PLACEMENT_3D('',#2425,#2012,#2013);
#1587=AXIS2_PLACEMENT_3D('',#2427,#2015,#2016);
#1588=DIRECTION('axis',(0.,0.,1.));
#1589=DIRECTION('refdir',(1.,0.,0.));
#1590=DIRECTION('center_axis',(0.,-1.,0.));
#1591=DIRECTION('ref_axis',(0.,0.,-1.));
#1592=DIRECTION('',(1.,0.,0.));
#1593=DIRECTION('center_axis',(0.,-1.,0.));
#1594=DIRECTION('ref_axis',(-0.382683432365088,0.,-0.923879532511287));
#1595=DIRECTION('',(-0.707106781186547,0.,0.707106781186548));
#1596=DIRECTION('center_axis',(0.,1.,0.));
#1597=DIRECTION('ref_axis',(0.382683432365089,0.,0.923879532511287));
#1598=DIRECTION('',(-1.,0.,2.53765262771464E-16));
#1599=DIRECTION('center_axis',(0.,1.,0.));
#1600=DIRECTION('ref_axis',(-0.382683432365088,0.,0.923879532511288));
#1601=DIRECTION('',(-0.707106781186548,0.,-0.707106781186548));
#1602=DIRECTION('center_axis',(0.,-1.,0.));
#1603=DIRECTION('ref_axis',(0.382683432365088,0.,-0.923879532511287));
#1604=DIRECTION('',(-1.,0.,0.));
#1605=DIRECTION('center_axis',(0.,-1.,0.));
#1606=DIRECTION('ref_axis',(-0.707106781186547,0.,-0.707106781186547));
#1607=DIRECTION('',(0.,0.,-1.));
#1608=DIRECTION('center_axis',(0.,-1.,0.));
#1609=DIRECTION('ref_axis',(-0.707106781186547,0.,0.707106781186547));
#1610=DIRECTION('',(-1.,0.,0.));
#1611=DIRECTION('center_axis',(0.,-1.,0.));
#1612=DIRECTION('ref_axis',(0.382683432365088,0.,0.923879532511287));
#1613=DIRECTION('',(0.707106781186547,0.,-0.707106781186548));
#1614=DIRECTION('center_axis',(0.,1.,0.));
#1615=DIRECTION('ref_axis',(-0.382683432365091,0.,-0.923879532511287));
#1616=DIRECTION('',(1.,0.,0.));
#1617=DIRECTION('center_axis',(0.,1.,0.));
#1618=DIRECTION('ref_axis',(0.38268343236509,0.,-0.923879532511287));
#1619=DIRECTION('',(0.707106781186547,0.,0.707106781186548));
#1620=DIRECTION('center_axis',(0.,-1.,0.));
#1621=DIRECTION('ref_axis',(-0.38268343236509,-1.2016967424393E-15,0.923879532511287));
#1622=DIRECTION('',(-1.,0.,0.));
#1623=DIRECTION('center_axis',(0.,-1.,0.));
#1624=DIRECTION('ref_axis',(0.707106781186547,1.72710170455215E-15,0.707106781186547));
#1625=DIRECTION('',(0.,0.,1.));
#1626=DIRECTION('center_axis',(0.,-1.,0.));
#1627=DIRECTION('ref_axis',(0.707106781186547,1.72710170455215E-15,-0.707106781186547));
#1628=DIRECTION('center_axis',(0.,1.,0.));
#1629=DIRECTION('ref_axis',(1.,3.94745964311165E-16,0.));
#1630=DIRECTION('center_axis',(0.,1.,0.));
#1631=DIRECTION('ref_axis',(1.,3.94745964311165E-16,0.));
#1632=DIRECTION('center_axis',(0.,1.,0.));
#1633=DIRECTION('ref_axis',(-1.,-7.4014868308343E-16,0.));
#1634=DIRECTION('center_axis',(0.,1.,0.));
#1635=DIRECTION('ref_axis',(0.797724035217466,0.,0.603022689155526));
#1636=DIRECTION('',(-1.,0.,0.));
#1637=DIRECTION('center_axis',(0.,1.,0.));
#1638=DIRECTION('ref_axis',(-0.797724035217466,0.,0.603022689155527));
#1639=DIRECTION('center_axis',(0.,1.,0.));
#1640=DIRECTION('ref_axis',(-1.,-7.7715611723761E-16,0.));
#1641=DIRECTION('center_axis',(0.,1.,0.));
#1642=DIRECTION('ref_axis',(-0.603022689155529,0.,0.797724035217464));
#1643=DIRECTION('',(0.,0.,-1.));
#1644=DIRECTION('center_axis',(0.,1.,0.));
#1645=DIRECTION('ref_axis',(-0.603022689155529,0.,-0.797724035217464));
#1646=DIRECTION('center_axis',(0.,1.,0.));
#1647=DIRECTION('ref_axis',(-1.,-7.7715611723761E-16,0.));
#1648=DIRECTION('center_axis',(0.,1.,0.));
#1649=DIRECTION('ref_axis',(-0.797724035217466,0.,-0.603022689155527));
#1650=DIRECTION('',(1.,0.,0.));
#1651=DIRECTION('center_axis',(0.,1.,0.));
#1652=DIRECTION('ref_axis',(0.797724035217466,0.,-0.603022689155526));
#1653=DIRECTION('center_axis',(0.,1.,0.));
#1654=DIRECTION('ref_axis',(-1.,-7.7715611723761E-16,0.));
#1655=DIRECTION('center_axis',(0.,1.,0.));
#1656=DIRECTION('ref_axis',(0.603022689155527,0.,-0.797724035217466));
#1657=DIRECTION('',(0.,0.,1.));
#1658=DIRECTION('center_axis',(0.,1.,0.));
#1659=DIRECTION('ref_axis',(0.603022689155527,0.,0.797724035217466));
#1660=DIRECTION('center_axis',(0.,-1.,0.));
#1661=DIRECTION('ref_axis',(1.,8.88178419700125E-16,0.));
#1662=DIRECTION('center_axis',(0.,-1.,0.));
#1663=DIRECTION('ref_axis',(1.,8.88178419700125E-16,0.));
#1664=DIRECTION('',(0.,0.,1.));
#1665=DIRECTION('center_axis',(0.,1.,0.));
#1666=DIRECTION('ref_axis',(0.382683432365088,0.,0.923879532511288));
#1667=DIRECTION('',(-0.707106781186547,0.,-0.707106781186548));
#1668=DIRECTION('center_axis',(0.,1.,0.));
#1669=DIRECTION('ref_axis',(-1.,0.,4.90653893338681E-16));
#1670=DIRECTION('',(0.707106781186547,0.,-0.707106781186548));
#1671=DIRECTION('center_axis',(0.,1.,0.));
#1672=DIRECTION('ref_axis',(0.382683432365093,0.,-0.923879532511285));
#1673=DIRECTION('center_axis',(0.,-1.,0.));
#1674=DIRECTION('ref_axis',(1.,8.88178419700125E-16,0.));
#1675=DIRECTION('center_axis',(0.,-1.,0.));
#1676=DIRECTION('ref_axis',(1.,8.88178419700125E-16,0.));
#1677=DIRECTION('',(0.707106781186548,0.,0.707106781186548));
#1678=DIRECTION('center_axis',(0.,1.,0.));
#1679=DIRECTION('ref_axis',(1.,0.,5.88784672006415E-16));
#1680=DIRECTION('',(-0.707106781186547,0.,0.707106781186548));
#1681=DIRECTION('center_axis',(0.,1.,0.));
#1682=DIRECTION('ref_axis',(-0.382683432365086,0.,0.923879532511288));
#1683=DIRECTION('',(0.,0.,-1.));
#1684=DIRECTION('center_axis',(0.,1.,0.));
#1685=DIRECTION('ref_axis',(-0.382683432365093,0.,-0.923879532511285));
#1686=DIRECTION('center_axis',(0.,1.,0.));
#1687=DIRECTION('ref_axis',(1.,3.94745964311165E-16,0.));
#1688=DIRECTION('center_axis',(0.,1.,0.));
#1689=DIRECTION('ref_axis',(1.,3.94745964311165E-16,0.));
#1690=DIRECTION('center_axis',(3.94745964311165E-16,-1.,0.));
#1691=DIRECTION('ref_axis',(1.,3.94745964311165E-16,0.));
#1692=DIRECTION('',(3.94745964311165E-16,-1.,0.));
#1693=DIRECTION('center_axis',(-5.55111512312577E-16,1.,0.));
#1694=DIRECTION('ref_axis',(1.,3.94745964311165E-16,0.));
#1695=DIRECTION('center_axis',(3.94745964311165E-16,-1.,0.));
#1696=DIRECTION('ref_axis',(1.,3.94745964311165E-16,0.));
#1697=DIRECTION('',(3.94745964311165E-16,-1.,0.));
#1698=DIRECTION('center_axis',(-5.55111512312577E-16,1.,0.));
#1699=DIRECTION('ref_axis',(1.,3.94745964311165E-16,0.));
#1700=DIRECTION('center_axis',(0.,0.,-1.));
#1701=DIRECTION('ref_axis',(-1.,0.,0.));
#1702=DIRECTION('',(-2.36847578586701E-15,1.,0.));
#1703=DIRECTION('',(1.,5.55111512312577E-16,0.));
#1704=DIRECTION('',(0.,-1.,0.));
#1705=DIRECTION('',(1.,7.89491928622334E-16,0.));
#1706=DIRECTION('',(8.88178419700125E-16,-1.,0.));
#1707=DIRECTION('center_axis',(-2.36847578586701E-15,1.,0.));
#1708=DIRECTION('ref_axis',(0.707106781186547,1.72710170455215E-15,-0.707106781186547));
#1709=DIRECTION('',(2.36847578586701E-15,-1.,0.));
#1710=DIRECTION('center_axis',(-5.55111512312577E-16,1.,0.));
#1711=DIRECTION('ref_axis',(0.707106781186547,1.72710170455215E-15,-0.707106781186547));
#1712=DIRECTION('center_axis',(1.,2.36847578586701E-15,0.));
#1713=DIRECTION('ref_axis',(2.36847578586701E-15,-1.,0.));
#1714=DIRECTION('',(-2.36847578586701E-15,1.,0.));
#1715=DIRECTION('',(0.,0.,-1.));
#1716=DIRECTION('center_axis',(-2.36847578586701E-15,1.,0.));
#1717=DIRECTION('ref_axis',(0.707106781186547,1.72710170455215E-15,0.707106781186547));
#1718=DIRECTION('',(2.36847578586701E-15,-1.,0.));
#1719=DIRECTION('center_axis',(-5.55111512312577E-16,1.,0.));
#1720=DIRECTION('ref_axis',(0.707106781186547,1.72710170455215E-15,0.707106781186547));
#1721=DIRECTION('center_axis',(0.,0.,1.));
#1722=DIRECTION('ref_axis',(1.,0.,0.));
#1723=DIRECTION('',(-8.88178419700125E-16,1.,0.));
#1724=DIRECTION('',(1.,7.89491928622334E-16,0.));
#1725=DIRECTION('',(0.,1.,0.));
#1726=DIRECTION('',(1.,5.55111512312577E-16,0.));
#1727=DIRECTION('center_axis',(5.55111512312577E-16,-1.,0.));
#1728=DIRECTION('ref_axis',(-1.,-5.55111512312577E-16,0.));
#1729=DIRECTION('center_axis',(-5.55111512312577E-16,1.,0.));
#1730=DIRECTION('ref_axis',(-0.707106781186547,0.,0.707106781186547));
#1731=DIRECTION('',(0.,0.,-1.));
#1732=DIRECTION('center_axis',(-5.55111512312577E-16,1.,0.));
#1733=DIRECTION('ref_axis',(-0.707106781186547,0.,-0.707106781186547));
#1734=DIRECTION('center_axis',(0.,-1.,0.));
#1735=DIRECTION('ref_axis',(-0.707106781186547,0.,-0.707106781186547));
#1736=DIRECTION('',(0.,1.,0.));
#1737=DIRECTION('center_axis',(-7.89491928622333E-16,1.,0.));
#1738=DIRECTION('ref_axis',(-0.707106781186547,0.,-0.707106781186547));
#1739=DIRECTION('center_axis',(7.89491928622333E-16,-1.,0.));
#1740=DIRECTION('ref_axis',(-1.,-7.89491928622334E-16,0.));
#1741=DIRECTION('',(0.,0.,-1.));
#1742=DIRECTION('center_axis',(-7.89491928622333E-16,1.,0.));
#1743=DIRECTION('ref_axis',(-0.707106781186547,0.,0.707106781186547));
#1744=DIRECTION('center_axis',(-7.89491928622333E-16,1.,0.));
#1745=DIRECTION('ref_axis',(-0.38268343236509,-1.2016967424393E-15,0.923879532511287));
#1746=DIRECTION('',(-0.707106781186547,-5.58255096420898E-16,-0.707106781186548));
#1747=DIRECTION('center_axis',(7.89491928622333E-16,-1.,0.));
#1748=DIRECTION('ref_axis',(0.38268343236509,0.,-0.923879532511287));
#1749=DIRECTION('',(-1.,-7.89491928622334E-16,0.));
#1750=DIRECTION('center_axis',(7.89491928622333E-16,-1.,0.));
#1751=DIRECTION('ref_axis',(-0.382683432365091,0.,-0.923879532511287));
#1752=DIRECTION('',(-0.707106781186547,-5.58255096420898E-16,0.707106781186548));
#1753=DIRECTION('center_axis',(-7.89491928622333E-16,1.,0.));
#1754=DIRECTION('ref_axis',(0.382683432365088,0.,0.923879532511287));
#1755=DIRECTION('',(1.,7.89491928622334E-16,0.));
#1756=DIRECTION('center_axis',(-7.89491928622333E-16,1.,0.));
#1757=DIRECTION('ref_axis',(0.707106781186547,3.14018491736755E-16,0.707106781186547));
#1758=DIRECTION('',(0.,0.,-1.));
#1759=DIRECTION('center_axis',(-7.89491928622333E-16,1.,0.));
#1760=DIRECTION('ref_axis',(0.707106781186548,3.14018491736755E-16,-0.707106781186547));
#1761=DIRECTION('',(1.,7.89491928622334E-16,0.));
#1762=DIRECTION('center_axis',(-7.89491928622333E-16,1.,0.));
#1763=DIRECTION('ref_axis',(0.382683432365088,0.,-0.923879532511287));
#1764=DIRECTION('',(0.707106781186548,5.58255096420898E-16,0.707106781186548));
#1765=DIRECTION('center_axis',(7.89491928622333E-16,-1.,0.));
#1766=DIRECTION('ref_axis',(-0.382683432365088,0.,0.923879532511288));
#1767=DIRECTION('',(1.,7.89491928622334E-16,-2.53765262771464E-16));
#1768=DIRECTION('center_axis',(7.89491928622333E-16,-1.,0.));
#1769=DIRECTION('ref_axis',(0.382683432365089,0.,0.923879532511287));
#1770=DIRECTION('',(0.707106781186547,5.58255096420898E-16,-0.707106781186548));
#1771=DIRECTION('center_axis',(-7.89491928622333E-16,1.,0.));
#1772=DIRECTION('ref_axis',(-0.382683432365088,0.,-0.923879532511287));
#1773=DIRECTION('center_axis',(7.89491928622333E-16,-1.,0.));
#1774=DIRECTION('ref_axis',(-1.,-7.7715611723761E-16,0.));
#1775=DIRECTION('center_axis',(7.89491928622333E-16,-1.,0.));
#1776=DIRECTION('ref_axis',(0.603022689155527,0.,0.797724035217466));
#1777=DIRECTION('',(0.,0.,-1.));
#1778=DIRECTION('center_axis',(7.89491928622333E-16,-1.,0.));
#1779=DIRECTION('ref_axis',(0.603022689155527,0.,-0.797724035217466));
#1780=DIRECTION('center_axis',(7.89491928622333E-16,-1.,0.));
#1781=DIRECTION('ref_axis',(-1.,-7.7715611723761E-16,0.));
#1782=DIRECTION('center_axis',(7.89491928622333E-16,-1.,0.));
#1783=DIRECTION('ref_axis',(0.797724035217466,0.,-0.603022689155526));
#1784=DIRECTION('',(-1.,-7.89491928622334E-16,0.));
#1785=DIRECTION('center_axis',(7.89491928622333E-16,-1.,0.));
#1786=DIRECTION('ref_axis',(-0.797724035217466,0.,-0.603022689155527));
#1787=DIRECTION('center_axis',(7.89491928622333E-16,-1.,0.));
#1788=DIRECTION('ref_axis',(-1.,-7.7715611723761E-16,0.));
#1789=DIRECTION('center_axis',(7.89491928622333E-16,-1.,0.));
#1790=DIRECTION('ref_axis',(-0.603022689155529,0.,-0.797724035217464));
#1791=DIRECTION('',(0.,0.,1.));
#1792=DIRECTION('center_axis',(7.89491928622333E-16,-1.,0.));
#1793=DIRECTION('ref_axis',(-0.603022689155529,0.,0.797724035217464));
#1794=DIRECTION('center_axis',(7.89491928622333E-16,-1.,0.));
#1795=DIRECTION('ref_axis',(-1.,-7.7715611723761E-16,0.));
#1796=DIRECTION('center_axis',(7.89491928622333E-16,-1.,0.));
#1797=DIRECTION('ref_axis',(-0.797724035217466,0.,0.603022689155527));
#1798=DIRECTION('',(1.,7.89491928622334E-16,0.));
#1799=DIRECTION('center_axis',(7.89491928622333E-16,-1.,0.));
#1800=DIRECTION('ref_axis',(0.797724035217466,0.,0.603022689155526));
#1801=DIRECTION('center_axis',(-7.89491928622333E-16,1.,0.));
#1802=DIRECTION('ref_axis',(1.,8.88178419700125E-16,0.));
#1803=DIRECTION('center_axis',(-7.89491928622333E-16,1.,0.));
#1804=DIRECTION('ref_axis',(1.,8.88178419700125E-16,0.));
#1805=DIRECTION('',(0.,0.,-1.));
#1806=DIRECTION('center_axis',(7.89491928622333E-16,-1.,0.));
#1807=DIRECTION('ref_axis',(0.382683432365093,0.,-0.923879532511285));
#1808=DIRECTION('',(-0.707106781186547,-5.58255096420898E-16,0.707106781186548));
#1809=DIRECTION('center_axis',(7.89491928622333E-16,-1.,0.));
#1810=DIRECTION('ref_axis',(-1.,0.,4.90653893338681E-16));
#1811=DIRECTION('',(0.707106781186547,5.58255096420898E-16,0.707106781186548));
#1812=DIRECTION('center_axis',(7.89491928622333E-16,-1.,0.));
#1813=DIRECTION('ref_axis',(0.382683432365088,0.,0.923879532511288));
#1814=DIRECTION('center_axis',(-7.89491928622333E-16,1.,0.));
#1815=DIRECTION('ref_axis',(1.,8.88178419700125E-16,0.));
#1816=DIRECTION('center_axis',(-7.89491928622333E-16,1.,0.));
#1817=DIRECTION('ref_axis',(1.,8.88178419700125E-16,0.));
#1818=DIRECTION('',(-0.707106781186548,-5.58255096420898E-16,-0.707106781186548));
#1819=DIRECTION('center_axis',(7.89491928622333E-16,-1.,0.));
#1820=DIRECTION('ref_axis',(-0.382683432365093,0.,-0.923879532511285));
#1821=DIRECTION('',(0.,0.,1.));
#1822=DIRECTION('center_axis',(7.89491928622333E-16,-1.,0.));
#1823=DIRECTION('ref_axis',(-0.382683432365086,0.,0.923879532511288));
#1824=DIRECTION('',(0.707106781186547,5.58255096420898E-16,-0.707106781186548));
#1825=DIRECTION('center_axis',(7.89491928622333E-16,-1.,0.));
#1826=DIRECTION('ref_axis',(1.,0.,5.88784672006415E-16));
#1827=DIRECTION('center_axis',(-8.88178419700125E-16,1.,0.));
#1828=DIRECTION('ref_axis',(-0.382683432365088,0.,-0.923879532511287));
#1829=DIRECTION('',(-8.88178419700125E-16,1.,0.));
#1830=DIRECTION('center_axis',(8.88178419700125E-16,-1.,0.));
#1831=DIRECTION('ref_axis',(-0.38268343236509,-1.2016967424393E-15,0.923879532511287));
#1832=DIRECTION('',(8.88178419700125E-16,-1.,0.));
#1833=DIRECTION('center_axis',(0.,-1.,0.));
#1834=DIRECTION('ref_axis',(-0.707106781186547,0.,0.707106781186547));
#1835=DIRECTION('',(0.,-1.,0.));
#1836=DIRECTION('center_axis',(0.707106781186548,6.2803698347351E-16,-0.707106781186548));
#1837=DIRECTION('ref_axis',(-0.707106781186548,-5.58255096420898E-16,-0.707106781186548));
#1838=DIRECTION('',(-8.88178419700125E-16,1.,0.));
#1839=DIRECTION('',(8.88178419700125E-16,-1.,0.));
#1840=DIRECTION('center_axis',(-8.88178419700125E-16,1.,0.));
#1841=DIRECTION('ref_axis',(1.,0.,5.88784672006415E-16));
#1842=DIRECTION('',(-8.88178419700125E-16,1.,0.));
#1843=DIRECTION('center_axis',(0.707106781186548,6.2803698347351E-16,0.707106781186547));
#1844=DIRECTION('ref_axis',(0.707106781186547,5.58255096420898E-16,-0.707106781186548));
#1845=DIRECTION('',(8.88178419700125E-16,-1.,0.));
#1846=DIRECTION('center_axis',(-8.88178419700125E-16,1.,0.));
#1847=DIRECTION('ref_axis',(-0.382683432365086,0.,0.923879532511288));
#1848=DIRECTION('',(-8.88178419700125E-16,1.,0.));
#1849=DIRECTION('center_axis',(-1.,-8.88178419700125E-16,0.));
#1850=DIRECTION('ref_axis',(0.,0.,1.));
#1851=DIRECTION('',(8.88178419700125E-16,-1.,0.));
#1852=DIRECTION('center_axis',(-8.88178419700125E-16,1.,0.));
#1853=DIRECTION('ref_axis',(-0.382683432365093,0.,-0.923879532511285));
#1854=DIRECTION('center_axis',(-8.88178419700125E-16,1.,0.));
#1855=DIRECTION('ref_axis',(1.,8.88178419700125E-16,0.));
#1856=DIRECTION('',(-8.88178419700125E-16,1.,0.));
#1857=DIRECTION('center_axis',(-8.88178419700125E-16,1.,0.));
#1858=DIRECTION('ref_axis',(1.,8.88178419700125E-16,0.));
#1859=DIRECTION('',(-8.88178419700125E-16,1.,0.));
#1860=DIRECTION('center_axis',(1.,8.88178419700125E-16,0.));
#1861=DIRECTION('ref_axis',(0.,0.,-1.));
#1862=DIRECTION('',(8.88178419700125E-16,-1.,0.));
#1863=DIRECTION('',(-8.88178419700125E-16,1.,0.));
#1864=DIRECTION('center_axis',(-8.88178419700125E-16,1.,0.));
#1865=DIRECTION('ref_axis',(0.382683432365088,0.,0.923879532511288));
#1866=DIRECTION('',(-8.88178419700125E-16,1.,0.));
#1867=DIRECTION('center_axis',(-0.707106781186548,-6.2803698347351E-16,
0.707106781186547));
#1868=DIRECTION('ref_axis',(0.707106781186547,5.58255096420898E-16,0.707106781186548));
#1869=DIRECTION('',(8.88178419700125E-16,-1.,0.));
#1870=DIRECTION('center_axis',(-8.88178419700125E-16,1.,0.));
#1871=DIRECTION('ref_axis',(-1.,0.,4.90653893338681E-16));
#1872=DIRECTION('',(-8.88178419700125E-16,1.,0.));
#1873=DIRECTION('center_axis',(-0.707106781186548,-6.2803698347351E-16,
-0.707106781186547));
#1874=DIRECTION('ref_axis',(-0.707106781186547,-5.58255096420898E-16,0.707106781186548));
#1875=DIRECTION('',(8.88178419700125E-16,-1.,0.));
#1876=DIRECTION('center_axis',(-8.88178419700125E-16,1.,0.));
#1877=DIRECTION('ref_axis',(0.382683432365093,0.,-0.923879532511285));
#1878=DIRECTION('center_axis',(-8.88178419700125E-16,1.,0.));
#1879=DIRECTION('ref_axis',(1.,8.88178419700125E-16,0.));
#1880=DIRECTION('',(-8.88178419700125E-16,1.,0.));
#1881=DIRECTION('center_axis',(-8.88178419700125E-16,1.,0.));
#1882=DIRECTION('ref_axis',(1.,8.88178419700125E-16,0.));
#1883=DIRECTION('',(-8.88178419700125E-16,1.,0.));
#1884=DIRECTION('center_axis',(8.88178419700125E-16,-1.,0.));
#1885=DIRECTION('ref_axis',(0.382683432365088,0.,-0.923879532511287));
#1886=DIRECTION('',(-8.88178419700125E-16,1.,0.));
#1887=DIRECTION('',(8.88178419700125E-16,-1.,0.));
#1888=DIRECTION('center_axis',(0.,0.,-1.));
#1889=DIRECTION('ref_axis',(-1.,0.,0.));
#1890=DIRECTION('',(-3.48366114336965E-16,1.,0.));
#1891=DIRECTION('',(1.,5.55111512312578E-16,0.));
#1892=DIRECTION('',(0.,-1.,0.));
#1893=DIRECTION('center_axis',(0.,0.,1.));
#1894=DIRECTION('ref_axis',(1.,0.,0.));
#1895=DIRECTION('',(0.,1.,0.));
#1896=DIRECTION('',(1.,5.55111512312578E-16,0.));
#1897=DIRECTION('',(3.48366114336965E-16,-1.,0.));
#1898=DIRECTION('',(8.88178419700125E-16,-1.,0.));
#1899=DIRECTION('center_axis',(-8.88178419700125E-16,1.,0.));
#1900=DIRECTION('ref_axis',(0.382683432365088,0.,0.923879532511287));
#1901=DIRECTION('',(-8.88178419700125E-16,1.,0.));
#1902=DIRECTION('center_axis',(-0.707106781186548,-6.2803698347351E-16,
-0.707106781186547));
#1903=DIRECTION('ref_axis',(-0.707106781186547,-5.58255096420898E-16,0.707106781186548));
#1904=DIRECTION('',(8.88178419700125E-16,-1.,0.));
#1905=DIRECTION('center_axis',(-8.88178419700125E-16,1.,0.));
#1906=DIRECTION('ref_axis',(-0.382683432365091,0.,-0.923879532511287));
#1907=DIRECTION('',(-8.88178419700125E-16,1.,0.));
#1908=DIRECTION('center_axis',(0.,0.,-1.));
#1909=DIRECTION('ref_axis',(-1.,-7.89491928622333E-16,0.));
#1910=DIRECTION('',(8.88178419700125E-16,-1.,0.));
#1911=DIRECTION('center_axis',(-8.88178419700125E-16,1.,0.));
#1912=DIRECTION('ref_axis',(0.38268343236509,0.,-0.923879532511287));
#1913=DIRECTION('',(-8.88178419700125E-16,1.,0.));
#1914=DIRECTION('center_axis',(0.707106781186548,6.2803698347351E-16,-0.707106781186547));
#1915=DIRECTION('ref_axis',(-0.707106781186547,-5.58255096420898E-16,-0.707106781186548));
#1916=DIRECTION('center_axis',(0.707106781186548,6.2803698347351E-16,0.707106781186547));
#1917=DIRECTION('ref_axis',(0.707106781186547,5.58255096420898E-16,-0.707106781186548));
#1918=DIRECTION('',(8.88178419700125E-16,-1.,0.));
#1919=DIRECTION('center_axis',(-8.88178419700125E-16,1.,0.));
#1920=DIRECTION('ref_axis',(0.382683432365089,0.,0.923879532511287));
#1921=DIRECTION('',(-8.88178419700125E-16,1.,0.));
#1922=DIRECTION('center_axis',(2.53765262771464E-16,2.25388830063146E-31,
1.));
#1923=DIRECTION('ref_axis',(1.,7.89491928622334E-16,-2.53765262771464E-16));
#1924=DIRECTION('',(8.88178419700125E-16,-1.,0.));
#1925=DIRECTION('center_axis',(-8.88178419700125E-16,1.,0.));
#1926=DIRECTION('ref_axis',(-0.382683432365088,0.,0.923879532511288));
#1927=DIRECTION('',(-8.88178419700125E-16,1.,0.));
#1928=DIRECTION('center_axis',(-0.707106781186548,-6.2803698347351E-16,
0.707106781186548));
#1929=DIRECTION('ref_axis',(0.707106781186548,5.58255096420898E-16,0.707106781186548));
#1930=DIRECTION('center_axis',(7.4014868308343E-16,-1.,0.));
#1931=DIRECTION('ref_axis',(-1.,-7.4014868308343E-16,0.));
#1932=DIRECTION('',(7.4014868308343E-16,-1.,0.));
#1933=DIRECTION('',(-7.4014868308343E-16,1.,0.));
#1934=DIRECTION('center_axis',(7.4014868308343E-16,-1.,0.));
#1935=DIRECTION('ref_axis',(0.797724035217466,0.,0.603022689155526));
#1936=DIRECTION('',(-7.4014868308343E-16,1.,0.));
#1937=DIRECTION('center_axis',(0.,0.,1.));
#1938=DIRECTION('ref_axis',(-1.,-7.89491928622334E-16,0.));
#1939=DIRECTION('',(7.4014868308343E-16,-1.,0.));
#1940=DIRECTION('center_axis',(7.4014868308343E-16,-1.,0.));
#1941=DIRECTION('ref_axis',(-0.797724035217466,0.,0.603022689155527));
#1942=DIRECTION('',(-7.4014868308343E-16,1.,0.));
#1943=DIRECTION('center_axis',(7.4014868308343E-16,-1.,0.));
#1944=DIRECTION('ref_axis',(0.707106781186548,5.23364152894587E-16,-0.707106781186547));
#1945=DIRECTION('',(7.4014868308343E-16,-1.,0.));
#1946=DIRECTION('center_axis',(7.4014868308343E-16,-1.,0.));
#1947=DIRECTION('ref_axis',(-0.603022689155529,0.,0.797724035217464));
#1948=DIRECTION('',(-7.4014868308343E-16,1.,0.));
#1949=DIRECTION('center_axis',(-1.,-7.4014868308343E-16,0.));
#1950=DIRECTION('ref_axis',(0.,0.,-1.));
#1951=DIRECTION('',(7.4014868308343E-16,-1.,0.));
#1952=DIRECTION('center_axis',(-7.4014868308343E-16,1.,0.));
#1953=DIRECTION('ref_axis',(-0.603022689155529,0.,-0.797724035217464));
#1954=DIRECTION('',(-7.4014868308343E-16,1.,0.));
#1955=DIRECTION('center_axis',(7.4014868308343E-16,-1.,0.));
#1956=DIRECTION('ref_axis',(0.707106781186549,5.23364152894588E-16,0.707106781186546));
#1957=DIRECTION('',(7.4014868308343E-16,-1.,0.));
#1958=DIRECTION('center_axis',(7.4014868308343E-16,-1.,0.));
#1959=DIRECTION('ref_axis',(-0.797724035217466,0.,-0.603022689155527));
#1960=DIRECTION('',(-7.4014868308343E-16,1.,0.));
#1961=DIRECTION('center_axis',(0.,0.,-1.));
#1962=DIRECTION('ref_axis',(1.,7.89491928622334E-16,0.));
#1963=DIRECTION('',(7.4014868308343E-16,-1.,0.));
#1964=DIRECTION('center_axis',(7.4014868308343E-16,-1.,0.));
#1965=DIRECTION('ref_axis',(0.797724035217466,0.,-0.603022689155526));
#1966=DIRECTION('',(-7.4014868308343E-16,1.,0.));
#1967=DIRECTION('center_axis',(7.4014868308343E-16,-1.,0.));
#1968=DIRECTION('ref_axis',(-1.,-7.4014868308343E-16,0.));
#1969=DIRECTION('',(7.4014868308343E-16,-1.,0.));
#1970=DIRECTION('center_axis',(7.4014868308343E-16,-1.,0.));
#1971=DIRECTION('ref_axis',(0.603022689155527,0.,-0.797724035217466));
#1972=DIRECTION('',(-7.4014868308343E-16,1.,0.));
#1973=DIRECTION('center_axis',(1.,7.4014868308343E-16,0.));
#1974=DIRECTION('ref_axis',(0.,0.,1.));
#1975=DIRECTION('',(7.4014868308343E-16,-1.,0.));
#1976=DIRECTION('center_axis',(7.4014868308343E-16,-1.,0.));
#1977=DIRECTION('ref_axis',(0.603022689155527,0.,0.797724035217466));
#1978=DIRECTION('center_axis',(-1.,0.,0.));
#1979=DIRECTION('ref_axis',(0.,1.,0.));
#1980=DIRECTION('center_axis',(-3.48366114336965E-16,1.,0.));
#1981=DIRECTION('ref_axis',(0.707106781186547,3.14018491736755E-16,0.707106781186547));
#1982=DIRECTION('center_axis',(-5.55111512312578E-16,1.,0.));
#1983=DIRECTION('ref_axis',(0.707106781186547,3.14018491736755E-16,0.707106781186547));
#1984=DIRECTION('',(-3.48366114336965E-16,1.,0.));
#1985=DIRECTION('center_axis',(1.,3.48366114336965E-16,0.));
#1986=DIRECTION('ref_axis',(3.48366114336965E-16,-1.,0.));
#1987=DIRECTION('',(3.48366114336965E-16,-1.,0.));
#1988=DIRECTION('',(0.,0.,-1.));
#1989=DIRECTION('center_axis',(-3.48366114336965E-16,1.,0.));
#1990=DIRECTION('ref_axis',(0.707106781186548,3.14018491736755E-16,-0.707106781186547));
#1991=DIRECTION('center_axis',(-5.55111512312578E-16,1.,0.));
#1992=DIRECTION('ref_axis',(0.707106781186548,3.14018491736755E-16,-0.707106781186547));
#1993=DIRECTION('center_axis',(5.55111512312578E-16,-1.,0.));
#1994=DIRECTION('ref_axis',(-1.,-5.55111512312578E-16,0.));
#1995=DIRECTION('center_axis',(-5.55111512312578E-16,1.,0.));
#1996=DIRECTION('ref_axis',(-0.707106781186547,0.,0.707106781186547));
#1997=DIRECTION('',(0.,0.,-1.));
#1998=DIRECTION('center_axis',(-5.55111512312578E-16,1.,0.));
#1999=DIRECTION('ref_axis',(-0.707106781186547,0.,-0.707106781186547));
#2000=DIRECTION('center_axis',(-5.55111512312578E-16,1.,0.));
#2001=DIRECTION('ref_axis',(1.,3.94745964311165E-16,0.));
#2002=DIRECTION('center_axis',(-5.55111512312578E-16,1.,0.));
#2003=DIRECTION('ref_axis',(1.,3.94745964311165E-16,0.));
#2004=DIRECTION('center_axis',(0.,-1.,0.));
#2005=DIRECTION('ref_axis',(-0.707106781186547,0.,-0.707106781186547));
#2006=DIRECTION('',(0.,1.,0.));
#2007=DIRECTION('center_axis',(0.,-1.,0.));
#2008=DIRECTION('ref_axis',(-0.707106781186547,0.,0.707106781186547));
#2009=DIRECTION('',(0.,-1.,0.));
#2010=DIRECTION('center_axis',(-1.,0.,0.));
#2011=DIRECTION('ref_axis',(0.,1.,0.));
#2012=DIRECTION('center_axis',(3.94745964311165E-16,-1.,0.));
#2013=DIRECTION('ref_axis',(1.,3.94745964311165E-16,0.));
#2014=DIRECTION('',(3.94745964311165E-16,-1.,0.));
#2015=DIRECTION('center_axis',(3.94745964311165E-16,-1.,0.));
#2016=DIRECTION('ref_axis',(1.,3.94745964311165E-16,0.));
#2017=DIRECTION('',(3.94745964311165E-16,-1.,0.));
#2018=CARTESIAN_POINT('',(0.,0.,0.));
#2019=CARTESIAN_POINT('Origin',(0.,-22.,0.));
#2020=CARTESIAN_POINT('',(43.3284271247462,-22.,-45.));
#2021=CARTESIAN_POINT('',(75.0000000000001,-22.,-45.));
#2022=CARTESIAN_POINT('',(22.5,-22.,-45.));
#2023=CARTESIAN_POINT('',(41.9142135623731,-22.,-44.4142135623731));
#2024=CARTESIAN_POINT('Origin',(43.3284271247462,-21.9999999999999,-43.));
#2025=CARTESIAN_POINT('',(18.0857864376269,-22.,-20.5857864376269));
#2026=CARTESIAN_POINT('',(-14.375,-22.,11.875));
#2027=CARTESIAN_POINT('',(16.6715728752538,-22.,-20.));
#2028=CARTESIAN_POINT('Origin',(16.6715728752538,-22.,-22.));
#2029=CARTESIAN_POINT('',(-16.6715728752538,-22.,-20.));
#2030=CARTESIAN_POINT('',(-31.25,-22.,-20.));
#2031=CARTESIAN_POINT('',(-18.0857864376269,-22.,-20.5857864376269));
#2032=CARTESIAN_POINT('Origin',(-16.6715728752538,-22.,-22.));
#2033=CARTESIAN_POINT('',(-41.9142135623731,-22.,-44.4142135623731));
#2034=CARTESIAN_POINT('',(-20.625,-22.,-23.125));
#2035=CARTESIAN_POINT('',(-43.3284271247462,-22.,-45.));
#2036=CARTESIAN_POINT('Origin',(-43.3284271247462,-22.,-43.));
#2037=CARTESIAN_POINT('',(-75.,-22.,-45.));
#2038=CARTESIAN_POINT('',(-22.5,-22.,-45.));
#2039=CARTESIAN_POINT('',(-85.,-22.,-35.));
#2040=CARTESIAN_POINT('Origin',(-75.,-22.,-35.));
#2041=CARTESIAN_POINT('',(-85.,-22.,35.));
#2042=CARTESIAN_POINT('',(-85.,-22.,22.5));
#2043=CARTESIAN_POINT('',(-75.,-22.,45.));
#2044=CARTESIAN_POINT('Origin',(-75.,-22.,35.));
#2045=CARTESIAN_POINT('',(-43.3284271247462,-22.,45.));
#2046=CARTESIAN_POINT('',(45.,-22.,45.));
#2047=CARTESIAN_POINT('',(-41.9142135623731,-22.,44.4142135623731));
#2048=CARTESIAN_POINT('Origin',(-43.3284271247462,-22.,43.));
#2049=CARTESIAN_POINT('',(-18.0857864376269,-22.,20.5857864376269));
#2050=CARTESIAN_POINT('',(-30.625,-22.,33.125));
#2051=CARTESIAN_POINT('',(-16.6715728752538,-22.,20.));
#2052=CARTESIAN_POINT('Origin',(-16.6715728752538,-22.,22.));
#2053=CARTESIAN_POINT('',(16.6715728752538,-22.,20.));
#2054=CARTESIAN_POINT('',(-13.75,-22.,20.));
#2055=CARTESIAN_POINT('',(18.0857864376269,-22.,20.5857864376269));
#2056=CARTESIAN_POINT('Origin',(16.6715728752538,-22.,22.));
#2057=CARTESIAN_POINT('',(41.9142135623731,-22.,44.4142135623731));
#2058=CARTESIAN_POINT('',(20.625,-22.,23.125));
#2059=CARTESIAN_POINT('',(43.3284271247462,-22.,45.));
#2060=CARTESIAN_POINT('Origin',(43.3284271247462,-21.9999999999999,43.));
#2061=CARTESIAN_POINT('',(75.0000000000001,-22.,45.));
#2062=CARTESIAN_POINT('',(-22.5,-22.,45.));
#2063=CARTESIAN_POINT('',(85.0000000000001,-22.,35.));
#2064=CARTESIAN_POINT('Origin',(75.0000000000001,-21.9999999999998,35.));
#2065=CARTESIAN_POINT('',(85.0000000000001,-22.,-35.));
#2066=CARTESIAN_POINT('',(85.,-22.,22.5));
#2067=CARTESIAN_POINT('Origin',(75.0000000000001,-21.9999999999998,-35.));
#2068=CARTESIAN_POINT('',(-78.175,-22.,-25.));
#2069=CARTESIAN_POINT('Origin',(-75.,-22.,-25.));
#2070=CARTESIAN_POINT('',(-78.175,-22.,25.));
#2071=CARTESIAN_POINT('Origin',(-75.,-22.,25.));
#2072=CARTESIAN_POINT('',(8.95454545454546,-22.,4.63268014955415));
#2073=CARTESIAN_POINT('',(4.63268014955417,-22.,8.95454545454546));
#2074=CARTESIAN_POINT('Origin',(8.00000000000001,-22.,8.));
#2075=CARTESIAN_POINT('',(2.70849737787083,-22.,11.5));
#2076=CARTESIAN_POINT('Origin',(2.70849737787083,-22.,9.5));
#2077=CARTESIAN_POINT('',(-2.7084973778708,-22.,11.5));
#2078=CARTESIAN_POINT('',(-18.5,-22.,11.5));
#2079=CARTESIAN_POINT('',(-4.63268014955414,-22.,8.95454545454546));
#2080=CARTESIAN_POINT('Origin',(-2.7084973778708,-22.,9.5));
#2081=CARTESIAN_POINT('',(-8.95454545454543,-22.,4.63268014955415));
#2082=CARTESIAN_POINT('Origin',(-7.99999999999998,-22.,8.));
#2083=CARTESIAN_POINT('',(-11.5,-22.,2.70849737787081));
#2084=CARTESIAN_POINT('Origin',(-9.49999999999997,-22.,2.70849737787081));
#2085=CARTESIAN_POINT('',(-11.5,-22.,-2.70849737787081));
#2086=CARTESIAN_POINT('',(-11.5,-22.,26.5));
#2087=CARTESIAN_POINT('',(-8.95454545454543,-22.,-4.63268014955415));
#2088=CARTESIAN_POINT('Origin',(-9.49999999999997,-22.,-2.70849737787081));
#2089=CARTESIAN_POINT('',(-4.63268014955414,-22.,-8.95454545454546));
#2090=CARTESIAN_POINT('Origin',(-7.99999999999998,-22.,-8.));
#2091=CARTESIAN_POINT('',(-2.70849737787081,-22.,-11.5));
#2092=CARTESIAN_POINT('Origin',(-2.70849737787081,-22.,-9.50000000000001));
#2093=CARTESIAN_POINT('',(2.70849737787084,-22.,-11.5));
#2094=CARTESIAN_POINT('',(-26.5,-22.,-11.5));
#2095=CARTESIAN_POINT('',(4.63268014955417,-22.,-8.95454545454546));
#2096=CARTESIAN_POINT('Origin',(2.70849737787083,-22.,-9.50000000000001));
#2097=CARTESIAN_POINT('',(8.95454545454546,-22.,-4.63268014955416));
#2098=CARTESIAN_POINT('Origin',(8.00000000000001,-22.,-8.));
#2099=CARTESIAN_POINT('',(11.5,-22.,-2.70849737787082));
#2100=CARTESIAN_POINT('Origin',(9.50000000000001,-22.,-2.70849737787082));
#2101=CARTESIAN_POINT('',(11.5,-22.,2.70849737787082));
#2102=CARTESIAN_POINT('',(11.5,-22.,18.5));
#2103=CARTESIAN_POINT('Origin',(9.50000000000001,-22.,2.70849737787082));
#2104=CARTESIAN_POINT('',(6.50000000000001,-22.,8.));
#2105=CARTESIAN_POINT('Origin',(8.00000000000001,-22.,8.));
#2106=CARTESIAN_POINT('',(6.50000000000001,-22.,-8.));
#2107=CARTESIAN_POINT('Origin',(8.00000000000001,-22.,-8.));
#2108=CARTESIAN_POINT('',(40.,-22.,-20.1715728752538));
#2109=CARTESIAN_POINT('',(40.,-22.,20.1715728752538));
#2110=CARTESIAN_POINT('',(40.,-22.,35.));
#2111=CARTESIAN_POINT('',(36.5857864376269,-22.,21.5857864376269));
#2112=CARTESIAN_POINT('Origin',(38.,-21.9999999999999,20.1715728752538));
#2113=CARTESIAN_POINT('',(16.4142135623731,-22.,1.41421356237309));
#2114=CARTESIAN_POINT('',(11.25,-22.,-3.74999999999999));
#2115=CARTESIAN_POINT('',(16.4142135623731,-22.,-1.41421356237309));
#2116=CARTESIAN_POINT('Origin',(17.8284271247462,-22.,-2.77555756156289E-16));
#2117=CARTESIAN_POINT('',(36.5857864376269,-22.,-21.5857864376269));
#2118=CARTESIAN_POINT('',(1.25000000000002,-22.,13.75));
#2119=CARTESIAN_POINT('Origin',(38.,-21.9999999999999,-20.1715728752538));
#2120=CARTESIAN_POINT('',(-9.49999999999999,-22.,8.));
#2121=CARTESIAN_POINT('Origin',(-7.99999999999998,-22.,8.));
#2122=CARTESIAN_POINT('',(-9.49999999999999,-22.,-8.));
#2123=CARTESIAN_POINT('Origin',(-7.99999999999998,-22.,-8.));
#2124=CARTESIAN_POINT('',(-36.5857864376269,-22.,-21.5857864376269));
#2125=CARTESIAN_POINT('',(-16.4142135623731,-22.,-1.41421356237309));
#2126=CARTESIAN_POINT('',(-11.25,-22.,3.75000000000001));
#2127=CARTESIAN_POINT('',(-16.4142135623731,-22.,1.41421356237311));
#2128=CARTESIAN_POINT('Origin',(-17.8284271247462,-22.,8.04911692853238E-15));
#2129=CARTESIAN_POINT('',(-36.5857864376269,-22.,21.5857864376269));
#2130=CARTESIAN_POINT('',(-46.25,-22.,31.25));
#2131=CARTESIAN_POINT('',(-40.,-22.,20.1715728752538));
#2132=CARTESIAN_POINT('Origin',(-38.,-22.,20.1715728752538));
#2133=CARTESIAN_POINT('',(-40.,-22.,-20.1715728752538));
#2134=CARTESIAN_POINT('',(-40.,-22.,10.));
#2135=CARTESIAN_POINT('Origin',(-38.,-22.,-20.1715728752538));
#2136=CARTESIAN_POINT('',(71.825,-22.,-25.));
#2137=CARTESIAN_POINT('Origin',(75.,-22.,-25.));
#2138=CARTESIAN_POINT('',(71.825,-22.,25.));
#2139=CARTESIAN_POINT('Origin',(75.,-22.,25.));
#2140=CARTESIAN_POINT('Origin',(75.,-17.,-25.));
#2141=CARTESIAN_POINT('',(71.8250000000001,-32.,-25.));
#2142=CARTESIAN_POINT('',(71.825,-17.,-25.));
#2143=CARTESIAN_POINT('Origin',(75.0000000000001,-32.,-25.));
#2144=CARTESIAN_POINT('Origin',(75.,-17.,25.));
#2145=CARTESIAN_POINT('',(71.8250000000001,-32.,25.));
#2146=CARTESIAN_POINT('',(71.825,-17.,25.));
#2147=CARTESIAN_POINT('Origin',(75.0000000000001,-32.,25.));
#2148=CARTESIAN_POINT('Origin',(45.,0.,-45.));
#2149=CARTESIAN_POINT('',(75.0000000000001,-32.,-45.));
#2150=CARTESIAN_POINT('',(75.,-8.49999999999998,-45.));
#2151=CARTESIAN_POINT('',(55.,-32.,-45.));
#2152=CARTESIAN_POINT('',(42.5000000000001,-32.,-45.));
#2153=CARTESIAN_POINT('',(55.,-27.,-45.));
#2154=CARTESIAN_POINT('',(55.,-16.,-45.));
#2155=CARTESIAN_POINT('',(43.3284271247462,-27.,-45.));
#2156=CARTESIAN_POINT('',(22.5,-27.,-45.));
#2157=CARTESIAN_POINT('',(43.3284271247462,-13.5,-45.));
#2158=CARTESIAN_POINT('Origin',(75.,-8.49999999999998,-35.));
#2159=CARTESIAN_POINT('',(85.0000000000001,-32.,-35.));
#2160=CARTESIAN_POINT('',(85.,-8.49999999999995,-35.));
#2161=CARTESIAN_POINT('Origin',(75.0000000000001,-32.,-35.));
#2162=CARTESIAN_POINT('Origin',(85.,-17.,45.));
#2163=CARTESIAN_POINT('',(85.0000000000001,-32.,35.));
#2164=CARTESIAN_POINT('',(85.,-8.49999999999985,35.));
#2165=CARTESIAN_POINT('',(85.0000000000001,-32.,45.));
#2166=CARTESIAN_POINT('Origin',(75.,-8.49999999999987,35.));
#2167=CARTESIAN_POINT('',(75.0000000000001,-32.,45.));
#2168=CARTESIAN_POINT('',(75.,-8.49999999999987,45.));
#2169=CARTESIAN_POINT('Origin',(75.0000000000001,-32.,35.));
#2170=CARTESIAN_POINT('Origin',(-45.,0.,45.));
#2171=CARTESIAN_POINT('',(43.3284271247462,-27.,45.));
#2172=CARTESIAN_POINT('',(43.3284271247462,-13.4999999999999,45.));
#2173=CARTESIAN_POINT('',(55.,-27.,45.));
#2174=CARTESIAN_POINT('',(-45.,-27.,45.));
#2175=CARTESIAN_POINT('',(55.,-32.,45.));
#2176=CARTESIAN_POINT('',(55.,-16.,45.));
#2177=CARTESIAN_POINT('',(45.,-32.,45.));
#2178=CARTESIAN_POINT('Origin',(85.0000000000001,-32.,45.));
#2179=CARTESIAN_POINT('',(45.,-32.,35.));
#2180=CARTESIAN_POINT('Origin',(55.,-32.,35.));
#2181=CARTESIAN_POINT('',(45.,-32.,-35.));
#2182=CARTESIAN_POINT('',(45.,-32.,45.));
#2183=CARTESIAN_POINT('Origin',(55.,-32.,-35.));
#2184=CARTESIAN_POINT('Origin',(55.,-16.,-35.));
#2185=CARTESIAN_POINT('',(45.,-27.,-35.));
#2186=CARTESIAN_POINT('',(45.,-16.,-35.));
#2187=CARTESIAN_POINT('Origin',(55.,-27.,-35.));
#2188=CARTESIAN_POINT('Origin',(45.,-27.,45.));
#2189=CARTESIAN_POINT('',(45.,-27.,35.));
#2190=CARTESIAN_POINT('',(45.,-27.,45.));
#2191=CARTESIAN_POINT('Origin',(55.,-27.,35.));
#2192=CARTESIAN_POINT('',(41.9142135623731,-27.,44.4142135623731));
#2193=CARTESIAN_POINT('Origin',(43.3284271247462,-27.,43.));
#2194=CARTESIAN_POINT('',(18.0857864376269,-27.,20.5857864376269));
#2195=CARTESIAN_POINT('',(43.125,-27.,45.625));
#2196=CARTESIAN_POINT('',(16.6715728752538,-27.,20.));
#2197=CARTESIAN_POINT('Origin',(16.6715728752538,-27.,22.));
#2198=CARTESIAN_POINT('',(-16.6715728752538,-27.,20.));
#2199=CARTESIAN_POINT('',(31.25,-27.,20.));
#2200=CARTESIAN_POINT('',(-18.0857864376269,-27.,20.5857864376269));
#2201=CARTESIAN_POINT('Origin',(-16.6715728752538,-27.,22.));
#2202=CARTESIAN_POINT('',(-41.9142135623731,-27.,44.4142135623731));
#2203=CARTESIAN_POINT('',(-8.125,-27.,10.625));
#2204=CARTESIAN_POINT('',(-43.3284271247462,-27.,45.));
#2205=CARTESIAN_POINT('Origin',(-43.3284271247462,-27.,43.));
#2206=CARTESIAN_POINT('',(-55.,-27.,45.));
#2207=CARTESIAN_POINT('',(-45.,-27.,45.));
#2208=CARTESIAN_POINT('',(-45.,-27.,35.));
#2209=CARTESIAN_POINT('Origin',(-55.,-27.,35.));
#2210=CARTESIAN_POINT('',(-45.,-27.,-35.));
#2211=CARTESIAN_POINT('',(-45.,-27.,45.));
#2212=CARTESIAN_POINT('',(-55.,-27.,-45.));
#2213=CARTESIAN_POINT('Origin',(-55.,-27.,-35.));
#2214=CARTESIAN_POINT('',(-43.3284271247462,-27.,-45.));
#2215=CARTESIAN_POINT('',(22.5,-27.,-45.));
#2216=CARTESIAN_POINT('',(-41.9142135623731,-27.,-44.4142135623731));
#2217=CARTESIAN_POINT('Origin',(-43.3284271247462,-27.,-43.));
#2218=CARTESIAN_POINT('',(-18.0857864376269,-27.,-20.5857864376269));
#2219=CARTESIAN_POINT('',(1.875,-27.,-0.624999999999987));
#2220=CARTESIAN_POINT('',(-16.6715728752538,-27.,-20.));
#2221=CARTESIAN_POINT('Origin',(-16.6715728752538,-27.,-22.));
#2222=CARTESIAN_POINT('',(16.6715728752538,-27.,-20.));
#2223=CARTESIAN_POINT('',(13.75,-27.,-20.));
#2224=CARTESIAN_POINT('',(18.0857864376269,-27.,-20.5857864376269));
#2225=CARTESIAN_POINT('Origin',(16.6715728752538,-27.,-22.));
#2226=CARTESIAN_POINT('',(41.9142135623731,-27.,-44.4142135623731));
#2227=CARTESIAN_POINT('',(8.125,-27.,-10.625));
#2228=CARTESIAN_POINT('Origin',(43.3284271247462,-27.,-43.));
#2229=CARTESIAN_POINT('',(4.63268014955417,-27.,8.95454545454546));
#2230=CARTESIAN_POINT('',(8.95454545454547,-27.,4.63268014955415));
#2231=CARTESIAN_POINT('Origin',(8.00000000000002,-27.,8.));
#2232=CARTESIAN_POINT('',(11.5,-27.,2.70849737787082));
#2233=CARTESIAN_POINT('Origin',(9.50000000000001,-27.,2.70849737787082));
#2234=CARTESIAN_POINT('',(11.5,-27.,-2.70849737787082));
#2235=CARTESIAN_POINT('',(11.5,-27.,18.5));
#2236=CARTESIAN_POINT('',(8.95454545454547,-27.,-4.63268014955416));
#2237=CARTESIAN_POINT('Origin',(9.50000000000001,-27.,-2.70849737787082));
#2238=CARTESIAN_POINT('',(4.63268014955418,-27.,-8.95454545454546));
#2239=CARTESIAN_POINT('Origin',(8.00000000000002,-27.,-8.));
#2240=CARTESIAN_POINT('',(2.70849737787084,-27.,-11.5));
#2241=CARTESIAN_POINT('Origin',(2.70849737787084,-27.,-9.50000000000001));
#2242=CARTESIAN_POINT('',(-2.7084973778708,-27.,-11.5));
#2243=CARTESIAN_POINT('',(18.5,-27.,-11.5));
#2244=CARTESIAN_POINT('',(-4.63268014955414,-27.,-8.95454545454546));
#2245=CARTESIAN_POINT('Origin',(-2.7084973778708,-27.,-9.50000000000001));
#2246=CARTESIAN_POINT('',(-8.95454545454543,-27.,-4.63268014955415));
#2247=CARTESIAN_POINT('Origin',(-7.99999999999998,-27.,-8.));
#2248=CARTESIAN_POINT('',(-11.5,-27.,-2.70849737787081));
#2249=CARTESIAN_POINT('Origin',(-9.49999999999997,-27.,-2.70849737787081));
#2250=CARTESIAN_POINT('',(-11.5,-27.,2.70849737787081));
#2251=CARTESIAN_POINT('',(-11.5,-27.,26.5));
#2252=CARTESIAN_POINT('',(-8.95454545454543,-27.,4.63268014955415));
#2253=CARTESIAN_POINT('Origin',(-9.49999999999997,-27.,2.70849737787081));
#2254=CARTESIAN_POINT('',(-4.63268014955414,-27.,8.95454545454546));
#2255=CARTESIAN_POINT('Origin',(-7.99999999999998,-27.,8.));
#2256=CARTESIAN_POINT('',(-2.7084973778708,-27.,11.5));
#2257=CARTESIAN_POINT('Origin',(-2.7084973778708,-27.,9.5));
#2258=CARTESIAN_POINT('',(2.70849737787083,-27.,11.5));
#2259=CARTESIAN_POINT('',(26.5,-27.,11.5));
#2260=CARTESIAN_POINT('Origin',(2.70849737787083,-27.,9.5));
#2261=CARTESIAN_POINT('',(6.50000000000002,-27.,8.));
#2262=CARTESIAN_POINT('Origin',(8.00000000000002,-27.,8.));
#2263=CARTESIAN_POINT('',(6.50000000000001,-27.,-8.));
#2264=CARTESIAN_POINT('Origin',(8.00000000000002,-27.,-8.));
#2265=CARTESIAN_POINT('',(40.,-27.,20.1715728752538));
#2266=CARTESIAN_POINT('',(40.,-27.,-20.1715728752538));
#2267=CARTESIAN_POINT('',(40.,-27.,35.));
#2268=CARTESIAN_POINT('',(36.5857864376269,-27.,-21.5857864376269));
#2269=CARTESIAN_POINT('Origin',(38.,-27.,-20.1715728752538));
#2270=CARTESIAN_POINT('',(16.4142135623731,-27.,-1.4142135623731));
#2271=CARTESIAN_POINT('',(23.75,-27.,-8.74999999999998));
#2272=CARTESIAN_POINT('',(16.4142135623731,-27.,1.41421356237309));
#2273=CARTESIAN_POINT('Origin',(17.8284271247462,-27.,-2.77555756156289E-16));
#2274=CARTESIAN_POINT('',(36.5857864376269,-27.,21.5857864376269));
#2275=CARTESIAN_POINT('',(33.75,-27.,18.75));
#2276=CARTESIAN_POINT('Origin',(38.,-27.,20.1715728752538));
#2277=CARTESIAN_POINT('',(-9.49999999999998,-27.,8.));
#2278=CARTESIAN_POINT('Origin',(-7.99999999999998,-27.,8.));
#2279=CARTESIAN_POINT('',(-9.49999999999998,-27.,-8.));
#2280=CARTESIAN_POINT('Origin',(-7.99999999999998,-27.,-8.));
#2281=CARTESIAN_POINT('',(-16.4142135623731,-27.,-1.41421356237308));
#2282=CARTESIAN_POINT('',(-36.5857864376269,-27.,-21.5857864376269));
#2283=CARTESIAN_POINT('',(11.25,-27.,26.25));
#2284=CARTESIAN_POINT('',(-40.,-27.,-20.1715728752538));
#2285=CARTESIAN_POINT('Origin',(-38.,-27.,-20.1715728752538));
#2286=CARTESIAN_POINT('',(-40.,-27.,20.1715728752538));
#2287=CARTESIAN_POINT('',(-40.,-27.,10.));
#2288=CARTESIAN_POINT('',(-36.5857864376269,-27.,21.5857864376269));
#2289=CARTESIAN_POINT('Origin',(-38.,-27.,20.1715728752538));
#2290=CARTESIAN_POINT('',(-16.4142135623731,-27.,1.41421356237311));
#2291=CARTESIAN_POINT('',(-23.75,-27.,8.75000000000002));
#2292=CARTESIAN_POINT('Origin',(-17.8284271247462,-27.,8.04911692853238E-15));
#2293=CARTESIAN_POINT('Origin',(43.3284271247462,-13.5,-43.));
#2294=CARTESIAN_POINT('',(41.9142135623731,-13.5,-44.4142135623731));
#2295=CARTESIAN_POINT('Origin',(43.3284271247462,-13.4999999999999,43.));
#2296=CARTESIAN_POINT('',(41.9142135623731,-13.4999999999999,44.4142135623731));
#2297=CARTESIAN_POINT('Origin',(55.,-16.,35.));
#2298=CARTESIAN_POINT('',(45.,-16.,35.));
#2299=CARTESIAN_POINT('Origin',(-15.,-27.,8.88178419700125E-15));
#2300=CARTESIAN_POINT('',(-36.5857864376269,-27.,-21.5857864376269));
#2301=CARTESIAN_POINT('',(-16.4142135623731,-27.,-1.41421356237309));
#2302=CARTESIAN_POINT('Origin',(-17.8284271247462,-27.,8.04911692853238E-15));
#2303=CARTESIAN_POINT('',(-16.4142135623731,-27.,1.4142135623731));
#2304=CARTESIAN_POINT('Origin',(-40.,-27.,25.));
#2305=CARTESIAN_POINT('',(-36.5857864376269,-27.,21.5857864376269));
#2306=CARTESIAN_POINT('Origin',(-38.,-27.,20.1715728752538));
#2307=CARTESIAN_POINT('',(-40.,-27.,20.1715728752538));
#2308=CARTESIAN_POINT('Origin',(-40.,-27.,-25.));
#2309=CARTESIAN_POINT('',(-40.,-27.,-20.1715728752538));
#2310=CARTESIAN_POINT('Origin',(-38.,-27.,-20.1715728752538));
#2311=CARTESIAN_POINT('Origin',(-7.99999999999998,-27.,-8.));
#2312=CARTESIAN_POINT('',(-9.49999999999998,-27.,-8.));
#2313=CARTESIAN_POINT('Origin',(-7.99999999999998,-27.,8.));
#2314=CARTESIAN_POINT('',(-9.49999999999998,-27.,8.));
#2315=CARTESIAN_POINT('Origin',(40.,-27.,25.));
#2316=CARTESIAN_POINT('',(40.,-27.,20.1715728752538));
#2317=CARTESIAN_POINT('',(40.,-27.,-20.1715728752538));
#2318=CARTESIAN_POINT('Origin',(38.,-27.,20.1715728752538));
#2319=CARTESIAN_POINT('',(36.5857864376269,-27.,21.5857864376269));
#2320=CARTESIAN_POINT('Origin',(15.,-27.,0.));
#2321=CARTESIAN_POINT('',(16.4142135623731,-27.,1.41421356237309));
#2322=CARTESIAN_POINT('Origin',(17.8284271247462,-27.,-2.77555756156289E-16));
#2323=CARTESIAN_POINT('',(16.4142135623731,-27.,-1.41421356237309));
#2324=CARTESIAN_POINT('Origin',(40.,-27.,-25.));
#2325=CARTESIAN_POINT('',(36.5857864376269,-27.,-21.5857864376269));
#2326=CARTESIAN_POINT('Origin',(38.,-27.,-20.1715728752538));
#2327=CARTESIAN_POINT('Origin',(8.00000000000002,-27.,-8.));
#2328=CARTESIAN_POINT('',(6.50000000000001,-27.,-8.));
#2329=CARTESIAN_POINT('Origin',(8.00000000000002,-27.,8.));
#2330=CARTESIAN_POINT('',(6.50000000000002,-27.,8.));
#2331=CARTESIAN_POINT('Origin',(-43.3284271247462,-13.5000000000001,-43.));
#2332=CARTESIAN_POINT('',(-43.3284271247462,-13.5000000000001,-45.));
#2333=CARTESIAN_POINT('',(-41.9142135623731,-13.5000000000001,-44.4142135623731));
#2334=CARTESIAN_POINT('Origin',(45.,0.,-45.));
#2335=CARTESIAN_POINT('',(-55.,-32.,-45.));
#2336=CARTESIAN_POINT('',(-55.,-13.5,-45.));
#2337=CARTESIAN_POINT('',(-75.,-32.0000000000001,-45.));
#2338=CARTESIAN_POINT('',(-22.5,-32.,-45.));
#2339=CARTESIAN_POINT('',(-75.,-16.,-45.));
#2340=CARTESIAN_POINT('Origin',(-45.,0.,45.));
#2341=CARTESIAN_POINT('',(-75.,-32.0000000000001,45.));
#2342=CARTESIAN_POINT('',(-75.,-16.,45.));
#2343=CARTESIAN_POINT('',(-55.,-32.,45.));
#2344=CARTESIAN_POINT('',(-85.,-32.0000000000001,45.));
#2345=CARTESIAN_POINT('',(-55.,-13.5,45.));
#2346=CARTESIAN_POINT('',(-43.3284271247462,-13.5,45.));
#2347=CARTESIAN_POINT('Origin',(-43.3284271247462,-13.5,43.));
#2348=CARTESIAN_POINT('',(-41.9142135623731,-13.5,44.4142135623731));
#2349=CARTESIAN_POINT('Origin',(-17.5,-27.,20.));
#2350=CARTESIAN_POINT('',(-18.0857864376269,-27.,20.5857864376269));
#2351=CARTESIAN_POINT('Origin',(-16.6715728752538,-27.,22.));
#2352=CARTESIAN_POINT('',(-16.6715728752538,-27.,20.));
#2353=CARTESIAN_POINT('Origin',(17.5,-27.,20.));
#2354=CARTESIAN_POINT('',(16.6715728752538,-27.,20.));
#2355=CARTESIAN_POINT('Origin',(16.6715728752538,-27.,22.));
#2356=CARTESIAN_POINT('',(18.0857864376269,-27.,20.5857864376269));
#2357=CARTESIAN_POINT('Origin',(42.5,-27.,45.));
#2358=CARTESIAN_POINT('Origin',(17.5,-27.,-20.));
#2359=CARTESIAN_POINT('',(18.0857864376269,-27.,-20.5857864376269));
#2360=CARTESIAN_POINT('Origin',(16.6715728752538,-27.,-22.));
#2361=CARTESIAN_POINT('',(16.6715728752538,-27.,-20.));
#2362=CARTESIAN_POINT('Origin',(-17.5,-27.,-20.));
#2363=CARTESIAN_POINT('',(-16.6715728752538,-27.,-20.));
#2364=CARTESIAN_POINT('Origin',(-16.6715728752538,-27.,-22.));
#2365=CARTESIAN_POINT('',(-18.0857864376269,-27.,-20.5857864376269));
#2366=CARTESIAN_POINT('Origin',(-42.5,-27.,-45.));
#2367=CARTESIAN_POINT('Origin',(8.00000000000001,-27.,8.));
#2368=CARTESIAN_POINT('',(4.63268014955417,-27.,8.95454545454546));
#2369=CARTESIAN_POINT('',(8.95454545454547,-27.,4.63268014955415));
#2370=CARTESIAN_POINT('Origin',(2.70849737787083,-27.,9.5));
#2371=CARTESIAN_POINT('',(2.70849737787083,-27.,11.5));
#2372=CARTESIAN_POINT('Origin',(8.00000000000001,-27.,11.5));
#2373=CARTESIAN_POINT('',(-2.7084973778708,-27.,11.5));
#2374=CARTESIAN_POINT('Origin',(-2.7084973778708,-27.,9.5));
#2375=CARTESIAN_POINT('',(-4.63268014955414,-27.,8.95454545454546));
#2376=CARTESIAN_POINT('Origin',(-7.99999999999998,-27.,8.));
#2377=CARTESIAN_POINT('',(-8.95454545454543,-27.,4.63268014955415));
#2378=CARTESIAN_POINT('Origin',(-9.49999999999997,-27.,2.70849737787081));
#2379=CARTESIAN_POINT('',(-11.5,-27.,2.70849737787081));
#2380=CARTESIAN_POINT('Origin',(-11.5,-27.,8.));
#2381=CARTESIAN_POINT('',(-11.5,-27.,-2.70849737787081));
#2382=CARTESIAN_POINT('Origin',(-9.49999999999997,-27.,-2.70849737787081));
#2383=CARTESIAN_POINT('',(-8.95454545454543,-27.,-4.63268014955415));
#2384=CARTESIAN_POINT('Origin',(-7.99999999999998,-27.,-8.));
#2385=CARTESIAN_POINT('',(-4.63268014955414,-27.,-8.95454545454546));
#2386=CARTESIAN_POINT('Origin',(-2.7084973778708,-27.,-9.50000000000001));
#2387=CARTESIAN_POINT('',(-2.7084973778708,-27.,-11.5));
#2388=CARTESIAN_POINT('Origin',(-7.99999999999999,-27.,-11.5));
#2389=CARTESIAN_POINT('',(2.70849737787084,-27.,-11.5));
#2390=CARTESIAN_POINT('Origin',(2.70849737787084,-27.,-9.50000000000001));
#2391=CARTESIAN_POINT('',(4.63268014955417,-27.,-8.95454545454546));
#2392=CARTESIAN_POINT('Origin',(8.00000000000001,-27.,-8.));
#2393=CARTESIAN_POINT('',(8.95454545454547,-27.,-4.63268014955416));
#2394=CARTESIAN_POINT('Origin',(9.50000000000001,-27.,-2.70849737787082));
#2395=CARTESIAN_POINT('',(11.5,-27.,-2.70849737787082));
#2396=CARTESIAN_POINT('Origin',(11.5,-27.,-8.));
#2397=CARTESIAN_POINT('',(11.5,-27.,2.70849737787082));
#2398=CARTESIAN_POINT('Origin',(9.50000000000001,-27.,2.70849737787082));
#2399=CARTESIAN_POINT('Origin',(45.,-32.,45.));
#2400=CARTESIAN_POINT('Origin',(-55.,-13.5,35.));
#2401=CARTESIAN_POINT('',(-45.,-32.,35.));
#2402=CARTESIAN_POINT('Origin',(-55.,-32.,35.));
#2403=CARTESIAN_POINT('',(-45.,-13.5,35.));
#2404=CARTESIAN_POINT('Origin',(-45.,-27.,45.));
#2405=CARTESIAN_POINT('',(-45.,-32.,-35.));
#2406=CARTESIAN_POINT('',(-45.,-13.5,-35.));
#2407=CARTESIAN_POINT('',(-45.,-32.,45.));
#2408=CARTESIAN_POINT('Origin',(-55.,-13.5,-35.));
#2409=CARTESIAN_POINT('Origin',(-55.,-32.,-35.));
#2410=CARTESIAN_POINT('Origin',(-45.,-32.,45.));
#2411=CARTESIAN_POINT('',(-85.,-32.0000000000001,35.));
#2412=CARTESIAN_POINT('Origin',(-75.,-32.,35.));
#2413=CARTESIAN_POINT('',(-85.,-32.0000000000001,-35.));
#2414=CARTESIAN_POINT('',(-85.,-32.0000000000001,45.));
#2415=CARTESIAN_POINT('Origin',(-75.,-32.,-35.));
#2416=CARTESIAN_POINT('',(-78.175,-32.,25.));
#2417=CARTESIAN_POINT('Origin',(-75.,-32.,25.));
#2418=CARTESIAN_POINT('',(-78.175,-32.,-25.));
#2419=CARTESIAN_POINT('Origin',(-75.,-32.,-25.));
#2420=CARTESIAN_POINT('Origin',(-75.,-16.,-35.));
#2421=CARTESIAN_POINT('',(-85.,-16.,-35.));
#2422=CARTESIAN_POINT('Origin',(-75.,-16.,35.));
#2423=CARTESIAN_POINT('',(-85.,-16.,35.));
#2424=CARTESIAN_POINT('Origin',(-85.,-32.0000000000001,45.));
#2425=CARTESIAN_POINT('Origin',(-75.,-17.,25.));
#2426=CARTESIAN_POINT('',(-78.175,-17.,25.));
#2427=CARTESIAN_POINT('Origin',(-75.,-17.,-25.));
#2428=CARTESIAN_POINT('',(-78.175,-17.,-25.));
#2429=UNCERTAINTY_MEASURE_WITH_UNIT(LENGTH_MEASURE(0.01),#2433,
'DISTANCE_ACCURACY_VALUE',
'Maximum model space distance between geometric entities at asserted c
onnectivities');
#2430=UNCERTAINTY_MEASURE_WITH_UNIT(LENGTH_MEASURE(0.01),#2433,
'DISTANCE_ACCURACY_VALUE',
'Maximum model space distance between geometric entities at asserted c
onnectivities');
#2431=(
GEOMETRIC_REPRESENTATION_CONTEXT(3)
GLOBAL_UNCERTAINTY_ASSIGNED_CONTEXT((#2429))
GLOBAL_UNIT_ASSIGNED_CONTEXT((#2433,#2435,#2436))
REPRESENTATION_CONTEXT('','3D')
);
#2432=(
GEOMETRIC_REPRESENTATION_CONTEXT(3)
GLOBAL_UNCERTAINTY_ASSIGNED_CONTEXT((#2430))
GLOBAL_UNIT_ASSIGNED_CONTEXT((#2433,#2435,#2436))
REPRESENTATION_CONTEXT('','3D')
);
#2433=(
LENGTH_UNIT()
NAMED_UNIT(*)
SI_UNIT(.MILLI.,.METRE.)
);
#2434=(
LENGTH_UNIT()
NAMED_UNIT(*)
SI_UNIT(.CENTI.,.METRE.)
);
#2435=(
NAMED_UNIT(*)
PLANE_ANGLE_UNIT()
SI_UNIT($,.RADIAN.)
);
#2436=(
NAMED_UNIT(*)
SI_UNIT($,.STERADIAN.)
SOLID_ANGLE_UNIT()
);
#2437=SHAPE_DEFINITION_REPRESENTATION(#2438,#2439);
#2438=PRODUCT_DEFINITION_SHAPE('',$,#2441);
#2439=SHAPE_REPRESENTATION('',(#1433),#2431);
#2440=PRODUCT_DEFINITION_CONTEXT('part definition',#2445,'design');
#2441=PRODUCT_DEFINITION('base','base',#2442,#2440);
#2442=PRODUCT_DEFINITION_FORMATION('',$,#2447);
#2443=PRODUCT_RELATED_PRODUCT_CATEGORY('base','base',(#2447));
#2444=APPLICATION_PROTOCOL_DEFINITION('international standard',
'automotive_design',2009,#2445);
#2445=APPLICATION_CONTEXT(
'Core Data for Automotive Mechanical Design Process');
#2446=PRODUCT_CONTEXT('part definition',#2445,'mechanical');
#2447=PRODUCT('base','base',$,(#2446));
#2448=PRESENTATION_STYLE_ASSIGNMENT((#2449));
#2449=SURFACE_STYLE_USAGE(.BOTH.,#2452);
#2450=SURFACE_STYLE_RENDERING_WITH_PROPERTIES($,#2456,(#2451));
#2451=SURFACE_STYLE_TRANSPARENT(0.);
#2452=SURFACE_SIDE_STYLE('',(#2453,#2450));
#2453=SURFACE_STYLE_FILL_AREA(#2454);
#2454=FILL_AREA_STYLE('',(#2455));
#2455=FILL_AREA_STYLE_COLOUR('',#2456);
#2456=COLOUR_RGB('',0.749019607843137,0.749019607843137,0.749019607843137);
ENDSEC;
END-ISO-10303-21;
